ISO-10303-21;
HEADER;
FILE_DESCRIPTION(('Open CASCADE Model'),'2;1');
FILE_NAME('Open CASCADE Shape Model','2026-09-23T16:05:59',('Author'),(
    'Open CASCADE'),'Open CASCADE STEP processor 7.9','Open CASCADE 7.9'
  ,'Unknown');
FILE_SCHEMA(('AUTOMOTIVE_DESIGN { 1 0 10303 214 1 1 1 1 }'));
ENDSEC;
DATA;
#1 = APPLICATION_PROTOCOL_DEFINITION('international standard',
  'automotive_design',2000,#2);
#2 = APPLICATION_CONTEXT(
  'core data for automotive mechanical design processes');
#3 = SHAPE_DEFINITION_REPRESENTATION(#4,#10);
#4 = PRODUCT_DEFINITION_SHAPE('','',#5);
#5 = PRODUCT_DEFINITION('design','',#6,#9);
#6 = PRODUCT_DEFINITION_FORMATION('','',#7);
#7 = PRODUCT('Open CASCADE STEP translator 7.9 7',
  'Open CASCADE STEP translator 7.9 7','',(#8));
#8 = PRODUCT_CONTEXT('',#2,'mechanical');
#9 = PRODUCT_DEFINITION_CONTEXT('part definition',#2,'design');
#10 = ADVANCED_BREP_SHAPE_REPRESENTATION('',(#11,#15),#2049);
#11 = AXIS2_PLACEMENT_3D('',#12,#13,#14);
#12 = CARTESIAN_POINT('',(0.,0.,0.));
#13 = DIRECTION('',(0.,0.,1.));
#14 = DIRECTION('',(1.,0.,-0.));
#15 = MANIFOLD_SOLID_BREP('',#16);
#16 = CLOSED_SHELL('',(#17,#137,#368,#418,#468,#518,#568,#618,#689,#716,
    #878,#1403,#1629,#1907,#1979,#2004,#2035,#2042));
#17 = ADVANCED_FACE('',(#18),#32,.F.);
#18 = FACE_BOUND('',#19,.F.);
#19 = EDGE_LOOP('',(#20,#55,#83,#111));
#20 = ORIENTED_EDGE('',*,*,#21,.F.);
#21 = EDGE_CURVE('',#22,#24,#26,.T.);
#22 = VERTEX_POINT('',#23);
#23 = CARTESIAN_POINT('',(-40.,-40.,0.));
#24 = VERTEX_POINT('',#25);
#25 = CARTESIAN_POINT('',(-40.,-40.,8.));
#26 = SURFACE_CURVE('',#27,(#31,#43),.PCURVE_S1.);
#27 = LINE('',#28,#29);
#28 = CARTESIAN_POINT('',(-40.,-40.,0.));
#29 = VECTOR('',#30,1.);
#30 = DIRECTION('',(0.,0.,1.));
#31 = PCURVE('',#32,#37);
#32 = PLANE('',#33);
#33 = AXIS2_PLACEMENT_3D('',#34,#35,#36);
#34 = CARTESIAN_POINT('',(-40.,-40.,0.));
#35 = DIRECTION('',(1.,0.,0.));
#36 = DIRECTION('',(0.,0.,1.));
#37 = DEFINITIONAL_REPRESENTATION('',(#38),#42);
#38 = LINE('',#39,#40);
#39 = CARTESIAN_POINT('',(0.,0.));
#40 = VECTOR('',#41,1.);
#41 = DIRECTION('',(1.,0.));
#42 = ( GEOMETRIC_REPRESENTATION_CONTEXT(2) 
PARAMETRIC_REPRESENTATION_CONTEXT() REPRESENTATION_CONTEXT('2D SPACE',''
  ) );
#43 = PCURVE('',#44,#49);
#44 = PLANE('',#45);
#45 = AXIS2_PLACEMENT_3D('',#46,#47,#48);
#46 = CARTESIAN_POINT('',(-40.,-40.,0.));
#47 = DIRECTION('',(0.,1.,0.));
#48 = DIRECTION('',(0.,0.,1.));
#49 = DEFINITIONAL_REPRESENTATION('',(#50),#54);
#50 = LINE('',#51,#52);
#51 = CARTESIAN_POINT('',(0.,0.));
#52 = VECTOR('',#53,1.);
#53 = DIRECTION('',(1.,0.));
#54 = ( GEOMETRIC_REPRESENTATION_CONTEXT(2) 
PARAMETRIC_REPRESENTATION_CONTEXT() REPRESENTATION_CONTEXT('2D SPACE',''
  ) );
#55 = ORIENTED_EDGE('',*,*,#56,.T.);
#56 = EDGE_CURVE('',#22,#57,#59,.T.);
#57 = VERTEX_POINT('',#58);
#58 = CARTESIAN_POINT('',(-40.,40.,0.));
#59 = SURFACE_CURVE('',#60,(#64,#71),.PCURVE_S1.);
#60 = LINE('',#61,#62);
#61 = CARTESIAN_POINT('',(-40.,-40.,0.));
#62 = VECTOR('',#63,1.);
#63 = DIRECTION('',(0.,1.,0.));
#64 = PCURVE('',#32,#65);
#65 = DEFINITIONAL_REPRESENTATION('',(#66),#70);
#66 = LINE('',#67,#68);
#67 = CARTESIAN_POINT('',(0.,0.));
#68 = VECTOR('',#69,1.);
#69 = DIRECTION('',(0.,-1.));
#70 = ( GEOMETRIC_REPRESENTATION_CONTEXT(2) 
PARAMETRIC_REPRESENTATION_CONTEXT() REPRESENTATION_CONTEXT('2D SPACE',''
  ) );
#71 = PCURVE('',#72,#77);
#72 = PLANE('',#73);
#73 = AXIS2_PLACEMENT_3D('',#74,#75,#76);
#74 = CARTESIAN_POINT('',(-40.,-40.,0.));
#75 = DIRECTION('',(0.,0.,1.));
#76 = DIRECTION('',(1.,0.,0.));
#77 = DEFINITIONAL_REPRESENTATION('',(#78),#82);
#78 = LINE('',#79,#80);
#79 = CARTESIAN_POINT('',(0.,0.));
#80 = VECTOR('',#81,1.);
#81 = DIRECTION('',(0.,1.));
#82 = ( GEOMETRIC_REPRESENTATION_CONTEXT(2) 
PARAMETRIC_REPRESENTATION_CONTEXT() REPRESENTATION_CONTEXT('2D SPACE',''
  ) );
#83 = ORIENTED_EDGE('',*,*,#84,.T.);
#84 = EDGE_CURVE('',#57,#85,#87,.T.);
#85 = VERTEX_POINT('',#86);
#86 = CARTESIAN_POINT('',(-40.,40.,8.));
#87 = SURFACE_CURVE('',#88,(#92,#99),.PCURVE_S1.);
#88 = LINE('',#89,#90);
#89 = CARTESIAN_POINT('',(-40.,40.,0.));
#90 = VECTOR('',#91,1.);
#91 = DIRECTION('',(0.,0.,1.));
#92 = PCURVE('',#32,#93);
#93 = DEFINITIONAL_REPRESENTATION('',(#94),#98);
#94 = LINE('',#95,#96);
#95 = CARTESIAN_POINT('',(0.,-80.));
#96 = VECTOR('',#97,1.);
#97 = DIRECTION('',(1.,0.));
#98 = ( GEOMETRIC_REPRESENTATION_CONTEXT(2) 
PARAMETRIC_REPRESENTATION_CONTEXT() REPRESENTATION_CONTEXT('2D SPACE',''
  ) );
#99 = PCURVE('',#100,#105);
#100 = PLANE('',#101);
#101 = AXIS2_PLACEMENT_3D('',#102,#103,#104);
#102 = CARTESIAN_POINT('',(-40.,40.,0.));
#103 = DIRECTION('',(0.,1.,0.));
#104 = DIRECTION('',(0.,0.,1.));
#105 = DEFINITIONAL_REPRESENTATION('',(#106),#110);
#106 = LINE('',#107,#108);
#107 = CARTESIAN_POINT('',(0.,0.));
#108 = VECTOR('',#109,1.);
#109 = DIRECTION('',(1.,0.));
#110 = ( GEOMETRIC_REPRESENTATION_CONTEXT(2) 
PARAMETRIC_REPRESENTATION_CONTEXT() REPRESENTATION_CONTEXT('2D SPACE',''
  ) );
#111 = ORIENTED_EDGE('',*,*,#112,.F.);
#112 = EDGE_CURVE('',#24,#85,#113,.T.);
#113 = SURFACE_CURVE('',#114,(#118,#125),.PCURVE_S1.);
#114 = LINE('',#115,#116);
#115 = CARTESIAN_POINT('',(-40.,-40.,8.));
#116 = VECTOR('',#117,1.);
#117 = DIRECTION('',(0.,1.,0.));
#118 = PCURVE('',#32,#119);
#119 = DEFINITIONAL_REPRESENTATION('',(#120),#124);
#120 = LINE('',#121,#122);
#121 = CARTESIAN_POINT('',(8.,0.));
#122 = VECTOR('',#123,1.);
#123 = DIRECTION('',(0.,-1.));
#124 = ( GEOMETRIC_REPRESENTATION_CONTEXT(2) 
PARAMETRIC_REPRESENTATION_CONTEXT() REPRESENTATION_CONTEXT('2D SPACE',''
  ) );
#125 = PCURVE('',#126,#131);
#126 = PLANE('',#127);
#127 = AXIS2_PLACEMENT_3D('',#128,#129,#130);
#128 = CARTESIAN_POINT('',(-40.,-40.,8.));
#129 = DIRECTION('',(0.,0.,1.));
#130 = DIRECTION('',(1.,0.,0.));
#131 = DEFINITIONAL_REPRESENTATION('',(#132),#136);
#132 = LINE('',#133,#134);
#133 = CARTESIAN_POINT('',(0.,0.));
#134 = VECTOR('',#135,1.);
#135 = DIRECTION('',(0.,1.));
#136 = ( GEOMETRIC_REPRESENTATION_CONTEXT(2) 
PARAMETRIC_REPRESENTATION_CONTEXT() REPRESENTATION_CONTEXT('2D SPACE',''
  ) );
#137 = ADVANCED_FACE('',(#138,#213,#244,#275,#306,#337),#72,.F.);
#138 = FACE_BOUND('',#139,.F.);
#139 = EDGE_LOOP('',(#140,#141,#164,#192));
#140 = ORIENTED_EDGE('',*,*,#56,.F.);
#141 = ORIENTED_EDGE('',*,*,#142,.T.);
#142 = EDGE_CURVE('',#22,#143,#145,.T.);
#143 = VERTEX_POINT('',#144);
#144 = CARTESIAN_POINT('',(40.,-40.,0.));
#145 = SURFACE_CURVE('',#146,(#150,#157),.PCURVE_S1.);
#146 = LINE('',#147,#148);
#147 = CARTESIAN_POINT('',(-40.,-40.,0.));
#148 = VECTOR('',#149,1.);
#149 = DIRECTION('',(1.,0.,0.));
#150 = PCURVE('',#72,#151);
#151 = DEFINITIONAL_REPRESENTATION('',(#152),#156);
#152 = LINE('',#153,#154);
#153 = CARTESIAN_POINT('',(0.,0.));
#154 = VECTOR('',#155,1.);
#155 = DIRECTION('',(1.,0.));
#156 = ( GEOMETRIC_REPRESENTATION_CONTEXT(2) 
PARAMETRIC_REPRESENTATION_CONTEXT() REPRESENTATION_CONTEXT('2D SPACE',''
  ) );
#157 = PCURVE('',#44,#158);
#158 = DEFINITIONAL_REPRESENTATION('',(#159),#163);
#159 = LINE('',#160,#161);
#160 = CARTESIAN_POINT('',(0.,0.));
#161 = VECTOR('',#162,1.);
#162 = DIRECTION('',(0.,1.));
#163 = ( GEOMETRIC_REPRESENTATION_CONTEXT(2) 
PARAMETRIC_REPRESENTATION_CONTEXT() REPRESENTATION_CONTEXT('2D SPACE',''
  ) );
#164 = ORIENTED_EDGE('',*,*,#165,.T.);
#165 = EDGE_CURVE('',#143,#166,#168,.T.);
#166 = VERTEX_POINT('',#167);
#167 = CARTESIAN_POINT('',(40.,40.,0.));
#168 = SURFACE_CURVE('',#169,(#173,#180),.PCURVE_S1.);
#169 = LINE('',#170,#171);
#170 = CARTESIAN_POINT('',(40.,-40.,0.));
#171 = VECTOR('',#172,1.);
#172 = DIRECTION('',(0.,1.,0.));
#173 = PCURVE('',#72,#174);
#174 = DEFINITIONAL_REPRESENTATION('',(#175),#179);
#175 = LINE('',#176,#177);
#176 = CARTESIAN_POINT('',(80.,0.));
#177 = VECTOR('',#178,1.);
#178 = DIRECTION('',(0.,1.));
#179 = ( GEOMETRIC_REPRESENTATION_CONTEXT(2) 
PARAMETRIC_REPRESENTATION_CONTEXT() REPRESENTATION_CONTEXT('2D SPACE',''
  ) );
#180 = PCURVE('',#181,#186);
#181 = PLANE('',#182);
#182 = AXIS2_PLACEMENT_3D('',#183,#184,#185);
#183 = CARTESIAN_POINT('',(40.,-40.,0.));
#184 = DIRECTION('',(1.,0.,0.));
#185 = DIRECTION('',(0.,0.,1.));
#186 = DEFINITIONAL_REPRESENTATION('',(#187),#191);
#187 = LINE('',#188,#189);
#188 = CARTESIAN_POINT('',(0.,0.));
#189 = VECTOR('',#190,1.);
#190 = DIRECTION('',(0.,-1.));
#191 = ( GEOMETRIC_REPRESENTATION_CONTEXT(2) 
PARAMETRIC_REPRESENTATION_CONTEXT() REPRESENTATION_CONTEXT('2D SPACE',''
  ) );
#192 = ORIENTED_EDGE('',*,*,#193,.F.);
#193 = EDGE_CURVE('',#57,#166,#194,.T.);
#194 = SURFACE_CURVE('',#195,(#199,#206),.PCURVE_S1.);
#195 = LINE('',#196,#197);
#196 = CARTESIAN_POINT('',(-40.,40.,0.));
#197 = VECTOR('',#198,1.);
#198 = DIRECTION('',(1.,0.,0.));
#199 = PCURVE('',#72,#200);
#200 = DEFINITIONAL_REPRESENTATION('',(#201),#205);
#201 = LINE('',#202,#203);
#202 = CARTESIAN_POINT('',(0.,80.));
#203 = VECTOR('',#204,1.);
#204 = DIRECTION('',(1.,0.));
#205 = ( GEOMETRIC_REPRESENTATION_CONTEXT(2) 
PARAMETRIC_REPRESENTATION_CONTEXT() REPRESENTATION_CONTEXT('2D SPACE',''
  ) );
#206 = PCURVE('',#100,#207);
#207 = DEFINITIONAL_REPRESENTATION('',(#208),#212);
#208 = LINE('',#209,#210);
#209 = CARTESIAN_POINT('',(0.,0.));
#210 = VECTOR('',#211,1.);
#211 = DIRECTION('',(0.,1.));
#212 = ( GEOMETRIC_REPRESENTATION_CONTEXT(2) 
PARAMETRIC_REPRESENTATION_CONTEXT() REPRESENTATION_CONTEXT('2D SPACE',''
  ) );
#213 = FACE_BOUND('',#214,.F.);
#214 = EDGE_LOOP('',(#215));
#215 = ORIENTED_EDGE('',*,*,#216,.F.);
#216 = EDGE_CURVE('',#217,#217,#219,.T.);
#217 = VERTEX_POINT('',#218);
#218 = CARTESIAN_POINT('',(-27.25,-30.,0.));
#219 = SURFACE_CURVE('',#220,(#225,#232),.PCURVE_S1.);
#220 = CIRCLE('',#221,2.75);
#221 = AXIS2_PLACEMENT_3D('',#222,#223,#224);
#222 = CARTESIAN_POINT('',(-30.,-30.,0.));
#223 = DIRECTION('',(0.,0.,1.));
#224 = DIRECTION('',(1.,0.,0.));
#225 = PCURVE('',#72,#226);
#226 = DEFINITIONAL_REPRESENTATION('',(#227),#231);
#227 = CIRCLE('',#228,2.75);
#228 = AXIS2_PLACEMENT_2D('',#229,#230);
#229 = CARTESIAN_POINT('',(10.,10.));
#230 = DIRECTION('',(1.,0.));
#231 = ( GEOMETRIC_REPRESENTATION_CONTEXT(2) 
PARAMETRIC_REPRESENTATION_CONTEXT() REPRESENTATION_CONTEXT('2D SPACE',''
  ) );
#232 = PCURVE('',#233,#238);
#233 = CYLINDRICAL_SURFACE('',#234,2.75);
#234 = AXIS2_PLACEMENT_3D('',#235,#236,#237);
#235 = CARTESIAN_POINT('',(-30.,-30.,0.));
#236 = DIRECTION('',(-0.,-0.,-1.));
#237 = DIRECTION('',(1.,0.,0.));
#238 = DEFINITIONAL_REPRESENTATION('',(#239),#243);
#239 = LINE('',#240,#241);
#240 = CARTESIAN_POINT('',(-0.,0.));
#241 = VECTOR('',#242,1.);
#242 = DIRECTION('',(-1.,0.));
#243 = ( GEOMETRIC_REPRESENTATION_CONTEXT(2) 
PARAMETRIC_REPRESENTATION_CONTEXT() REPRESENTATION_CONTEXT('2D SPACE',''
  ) );
#244 = FACE_BOUND('',#245,.F.);
#245 = EDGE_LOOP('',(#246));
#246 = ORIENTED_EDGE('',*,*,#247,.F.);
#247 = EDGE_CURVE('',#248,#248,#250,.T.);
#248 = VERTEX_POINT('',#249);
#249 = CARTESIAN_POINT('',(32.75,-30.,0.));
#250 = SURFACE_CURVE('',#251,(#256,#263),.PCURVE_S1.);
#251 = CIRCLE('',#252,2.75);
#252 = AXIS2_PLACEMENT_3D('',#253,#254,#255);
#253 = CARTESIAN_POINT('',(30.,-30.,0.));
#254 = DIRECTION('',(0.,0.,1.));
#255 = DIRECTION('',(1.,0.,0.));
#256 = PCURVE('',#72,#257);
#257 = DEFINITIONAL_REPRESENTATION('',(#258),#262);
#258 = CIRCLE('',#259,2.75);
#259 = AXIS2_PLACEMENT_2D('',#260,#261);
#260 = CARTESIAN_POINT('',(70.,10.));
#261 = DIRECTION('',(1.,0.));
#262 = ( GEOMETRIC_REPRESENTATION_CONTEXT(2) 
PARAMETRIC_REPRESENTATION_CONTEXT() REPRESENTATION_CONTEXT('2D SPACE',''
  ) );
#263 = PCURVE('',#264,#269);
#264 = CYLINDRICAL_SURFACE('',#265,2.75);
#265 = AXIS2_PLACEMENT_3D('',#266,#267,#268);
#266 = CARTESIAN_POINT('',(30.,-30.,0.));
#267 = DIRECTION('',(-0.,-0.,-1.));
#268 = DIRECTION('',(1.,0.,0.));
#269 = DEFINITIONAL_REPRESENTATION('',(#270),#274);
#270 = LINE('',#271,#272);
#271 = CARTESIAN_POINT('',(-0.,0.));
#272 = VECTOR('',#273,1.);
#273 = DIRECTION('',(-1.,0.));
#274 = ( GEOMETRIC_REPRESENTATION_CONTEXT(2) 
PARAMETRIC_REPRESENTATION_CONTEXT() REPRESENTATION_CONTEXT('2D SPACE',''
  ) );
#275 = FACE_BOUND('',#276,.F.);
#276 = EDGE_LOOP('',(#277));
#277 = ORIENTED_EDGE('',*,*,#278,.F.);
#278 = EDGE_CURVE('',#279,#279,#281,.T.);
#279 = VERTEX_POINT('',#280);
#280 = CARTESIAN_POINT('',(-27.25,30.,0.));
#281 = SURFACE_CURVE('',#282,(#287,#294),.PCURVE_S1.);
#282 = CIRCLE('',#283,2.75);
#283 = AXIS2_PLACEMENT_3D('',#284,#285,#286);
#284 = CARTESIAN_POINT('',(-30.,30.,0.));
#285 = DIRECTION('',(0.,0.,1.));
#286 = DIRECTION('',(1.,0.,0.));
#287 = PCURVE('',#72,#288);
#288 = DEFINITIONAL_REPRESENTATION('',(#289),#293);
#289 = CIRCLE('',#290,2.75);
#290 = AXIS2_PLACEMENT_2D('',#291,#292);
#291 = CARTESIAN_POINT('',(10.,70.));
#292 = DIRECTION('',(1.,0.));
#293 = ( GEOMETRIC_REPRESENTATION_CONTEXT(2) 
PARAMETRIC_REPRESENTATION_CONTEXT() REPRESENTATION_CONTEXT('2D SPACE',''
  ) );
#294 = PCURVE('',#295,#300);
#295 = CYLINDRICAL_SURFACE('',#296,2.75);
#296 = AXIS2_PLACEMENT_3D('',#297,#298,#299);
#297 = CARTESIAN_POINT('',(-30.,30.,0.));
#298 = DIRECTION('',(-0.,-0.,-1.));
#299 = DIRECTION('',(1.,0.,0.));
#300 = DEFINITIONAL_REPRESENTATION('',(#301),#305);
#301 = LINE('',#302,#303);
#302 = CARTESIAN_POINT('',(-0.,0.));
#303 = VECTOR('',#304,1.);
#304 = DIRECTION('',(-1.,0.));
#305 = ( GEOMETRIC_REPRESENTATION_CONTEXT(2) 
PARAMETRIC_REPRESENTATION_CONTEXT() REPRESENTATION_CONTEXT('2D SPACE',''
  ) );
#306 = FACE_BOUND('',#307,.F.);
#307 = EDGE_LOOP('',(#308));
#308 = ORIENTED_EDGE('',*,*,#309,.F.);
#309 = EDGE_CURVE('',#310,#310,#312,.T.);
#310 = VERTEX_POINT('',#311);
#311 = CARTESIAN_POINT('',(5.,0.,0.));
#312 = SURFACE_CURVE('',#313,(#318,#325),.PCURVE_S1.);
#313 = CIRCLE('',#314,5.);
#314 = AXIS2_PLACEMENT_3D('',#315,#316,#317);
#315 = CARTESIAN_POINT('',(0.,0.,0.));
#316 = DIRECTION('',(0.,0.,1.));
#317 = DIRECTION('',(1.,0.,0.));
#318 = PCURVE('',#72,#319);
#319 = DEFINITIONAL_REPRESENTATION('',(#320),#324);
#320 = CIRCLE('',#321,5.);
#321 = AXIS2_PLACEMENT_2D('',#322,#323);
#322 = CARTESIAN_POINT('',(40.,40.));
#323 = DIRECTION('',(1.,0.));
#324 = ( GEOMETRIC_REPRESENTATION_CONTEXT(2) 
PARAMETRIC_REPRESENTATION_CONTEXT() REPRESENTATION_CONTEXT('2D SPACE',''
  ) );
#325 = PCURVE('',#326,#331);
#326 = CYLINDRICAL_SURFACE('',#327,5.);
#327 = AXIS2_PLACEMENT_3D('',#328,#329,#330);
#328 = CARTESIAN_POINT('',(0.,0.,0.));
#329 = DIRECTION('',(-0.,-0.,-1.));
#330 = DIRECTION('',(1.,0.,0.));
#331 = DEFINITIONAL_REPRESENTATION('',(#332),#336);
#332 = LINE('',#333,#334);
#333 = CARTESIAN_POINT('',(-0.,0.));
#334 = VECTOR('',#335,1.);
#335 = DIRECTION('',(-1.,0.));
#336 = ( GEOMETRIC_REPRESENTATION_CONTEXT(2) 
PARAMETRIC_REPRESENTATION_CONTEXT() REPRESENTATION_CONTEXT('2D SPACE',''
  ) );
#337 = FACE_BOUND('',#338,.F.);
#338 = EDGE_LOOP('',(#339));
#339 = ORIENTED_EDGE('',*,*,#340,.F.);
#340 = EDGE_CURVE('',#341,#341,#343,.T.);
#341 = VERTEX_POINT('',#342);
#342 = CARTESIAN_POINT('',(32.75,30.,0.));
#343 = SURFACE_CURVE('',#344,(#349,#356),.PCURVE_S1.);
#344 = CIRCLE('',#345,2.75);
#345 = AXIS2_PLACEMENT_3D('',#346,#347,#348);
#346 = CARTESIAN_POINT('',(30.,30.,0.));
#347 = DIRECTION('',(0.,0.,1.));
#348 = DIRECTION('',(1.,0.,0.));
#349 = PCURVE('',#72,#350);
#350 = DEFINITIONAL_REPRESENTATION('',(#351),#355);
#351 = CIRCLE('',#352,2.75);
#352 = AXIS2_PLACEMENT_2D('',#353,#354);
#353 = CARTESIAN_POINT('',(70.,70.));
#354 = DIRECTION('',(1.,0.));
#355 = ( GEOMETRIC_REPRESENTATION_CONTEXT(2) 
PARAMETRIC_REPRESENTATION_CONTEXT() REPRESENTATION_CONTEXT('2D SPACE',''
  ) );
#356 = PCURVE('',#357,#362);
#357 = CYLINDRICAL_SURFACE('',#358,2.75);
#358 = AXIS2_PLACEMENT_3D('',#359,#360,#361);
#359 = CARTESIAN_POINT('',(30.,30.,0.));
#360 = DIRECTION('',(-0.,-0.,-1.));
#361 = DIRECTION('',(1.,0.,0.));
#362 = DEFINITIONAL_REPRESENTATION('',(#363),#367);
#363 = LINE('',#364,#365);
#364 = CARTESIAN_POINT('',(-0.,0.));
#365 = VECTOR('',#366,1.);
#366 = DIRECTION('',(-1.,0.));
#367 = ( GEOMETRIC_REPRESENTATION_CONTEXT(2) 
PARAMETRIC_REPRESENTATION_CONTEXT() REPRESENTATION_CONTEXT('2D SPACE',''
  ) );
#368 = ADVANCED_FACE('',(#369),#357,.F.);
#369 = FACE_BOUND('',#370,.T.);
#370 = EDGE_LOOP('',(#371,#394,#416,#417));
#371 = ORIENTED_EDGE('',*,*,#372,.T.);
#372 = EDGE_CURVE('',#341,#373,#375,.T.);
#373 = VERTEX_POINT('',#374);
#374 = CARTESIAN_POINT('',(32.75,30.,8.));
#375 = SEAM_CURVE('',#376,(#380,#387),.PCURVE_S1.);
#376 = LINE('',#377,#378);
#377 = CARTESIAN_POINT('',(32.75,30.,0.));
#378 = VECTOR('',#379,1.);
#379 = DIRECTION('',(0.,0.,1.));
#380 = PCURVE('',#357,#381);
#381 = DEFINITIONAL_REPRESENTATION('',(#382),#386);
#382 = LINE('',#383,#384);
#383 = CARTESIAN_POINT('',(-0.,0.));
#384 = VECTOR('',#385,1.);
#385 = DIRECTION('',(-0.,-1.));
#386 = ( GEOMETRIC_REPRESENTATION_CONTEXT(2) 
PARAMETRIC_REPRESENTATION_CONTEXT() REPRESENTATION_CONTEXT('2D SPACE',''
  ) );
#387 = PCURVE('',#357,#388);
#388 = DEFINITIONAL_REPRESENTATION('',(#389),#393);
#389 = LINE('',#390,#391);
#390 = CARTESIAN_POINT('',(-6.28318530718,0.));
#391 = VECTOR('',#392,1.);
#392 = DIRECTION('',(-0.,-1.));
#393 = ( GEOMETRIC_REPRESENTATION_CONTEXT(2) 
PARAMETRIC_REPRESENTATION_CONTEXT() REPRESENTATION_CONTEXT('2D SPACE',''
  ) );
#394 = ORIENTED_EDGE('',*,*,#395,.T.);
#395 = EDGE_CURVE('',#373,#373,#396,.T.);
#396 = SURFACE_CURVE('',#397,(#402,#409),.PCURVE_S1.);
#397 = CIRCLE('',#398,2.75);
#398 = AXIS2_PLACEMENT_3D('',#399,#400,#401);
#399 = CARTESIAN_POINT('',(30.,30.,8.));
#400 = DIRECTION('',(0.,0.,1.));
#401 = DIRECTION('',(1.,0.,0.));
#402 = PCURVE('',#357,#403);
#403 = DEFINITIONAL_REPRESENTATION('',(#404),#408);
#404 = LINE('',#405,#406);
#405 = CARTESIAN_POINT('',(-0.,-8.));
#406 = VECTOR('',#407,1.);
#407 = DIRECTION('',(-1.,0.));
#408 = ( GEOMETRIC_REPRESENTATION_CONTEXT(2) 
PARAMETRIC_REPRESENTATION_CONTEXT() REPRESENTATION_CONTEXT('2D SPACE',''
  ) );
#409 = PCURVE('',#126,#410);
#410 = DEFINITIONAL_REPRESENTATION('',(#411),#415);
#411 = CIRCLE('',#412,2.75);
#412 = AXIS2_PLACEMENT_2D('',#413,#414);
#413 = CARTESIAN_POINT('',(70.,70.));
#414 = DIRECTION('',(1.,0.));
#415 = ( GEOMETRIC_REPRESENTATION_CONTEXT(2) 
PARAMETRIC_REPRESENTATION_CONTEXT() REPRESENTATION_CONTEXT('2D SPACE',''
  ) );
#416 = ORIENTED_EDGE('',*,*,#372,.F.);
#417 = ORIENTED_EDGE('',*,*,#340,.F.);
#418 = ADVANCED_FACE('',(#419),#326,.F.);
#419 = FACE_BOUND('',#420,.T.);
#420 = EDGE_LOOP('',(#421,#444,#466,#467));
#421 = ORIENTED_EDGE('',*,*,#422,.T.);
#422 = EDGE_CURVE('',#310,#423,#425,.T.);
#423 = VERTEX_POINT('',#424);
#424 = CARTESIAN_POINT('',(5.,0.,8.));
#425 = SEAM_CURVE('',#426,(#430,#437),.PCURVE_S1.);
#426 = LINE('',#427,#428);
#427 = CARTESIAN_POINT('',(5.,0.,0.));
#428 = VECTOR('',#429,1.);
#429 = DIRECTION('',(0.,0.,1.));
#430 = PCURVE('',#326,#431);
#431 = DEFINITIONAL_REPRESENTATION('',(#432),#436);
#432 = LINE('',#433,#434);
#433 = CARTESIAN_POINT('',(-0.,0.));
#434 = VECTOR('',#435,1.);
#435 = DIRECTION('',(-0.,-1.));
#436 = ( GEOMETRIC_REPRESENTATION_CONTEXT(2) 
PARAMETRIC_REPRESENTATION_CONTEXT() REPRESENTATION_CONTEXT('2D SPACE',''
  ) );
#437 = PCURVE('',#326,#438);
#438 = DEFINITIONAL_REPRESENTATION('',(#439),#443);
#439 = LINE('',#440,#441);
#440 = CARTESIAN_POINT('',(-6.28318530718,0.));
#441 = VECTOR('',#442,1.);
#442 = DIRECTION('',(-0.,-1.));
#443 = ( GEOMETRIC_REPRESENTATION_CONTEXT(2) 
PARAMETRIC_REPRESENTATION_CONTEXT() REPRESENTATION_CONTEXT('2D SPACE',''
  ) );
#444 = ORIENTED_EDGE('',*,*,#445,.T.);
#445 = EDGE_CURVE('',#423,#423,#446,.T.);
#446 = SURFACE_CURVE('',#447,(#452,#459),.PCURVE_S1.);
#447 = CIRCLE('',#448,5.);
#448 = AXIS2_PLACEMENT_3D('',#449,#450,#451);
#449 = CARTESIAN_POINT('',(0.,0.,8.));
#450 = DIRECTION('',(0.,0.,1.));
#451 = DIRECTION('',(1.,0.,0.));
#452 = PCURVE('',#326,#453);
#453 = DEFINITIONAL_REPRESENTATION('',(#454),#458);
#454 = LINE('',#455,#456);
#455 = CARTESIAN_POINT('',(-0.,-8.));
#456 = VECTOR('',#457,1.);
#457 = DIRECTION('',(-1.,0.));
#458 = ( GEOMETRIC_REPRESENTATION_CONTEXT(2) 
PARAMETRIC_REPRESENTATION_CONTEXT() REPRESENTATION_CONTEXT('2D SPACE',''
  ) );
#459 = PCURVE('',#126,#460);
#460 = DEFINITIONAL_REPRESENTATION('',(#461),#465);
#461 = CIRCLE('',#462,5.);
#462 = AXIS2_PLACEMENT_2D('',#463,#464);
#463 = CARTESIAN_POINT('',(40.,40.));
#464 = DIRECTION('',(1.,0.));
#465 = ( GEOMETRIC_REPRESENTATION_CONTEXT(2) 
PARAMETRIC_REPRESENTATION_CONTEXT() REPRESENTATION_CONTEXT('2D SPACE',''
  ) );
#466 = ORIENTED_EDGE('',*,*,#422,.F.);
#467 = ORIENTED_EDGE('',*,*,#309,.F.);
#468 = ADVANCED_FACE('',(#469),#295,.F.);
#469 = FACE_BOUND('',#470,.T.);
#470 = EDGE_LOOP('',(#471,#494,#516,#517));
#471 = ORIENTED_EDGE('',*,*,#472,.T.);
#472 = EDGE_CURVE('',#279,#473,#475,.T.);
#473 = VERTEX_POINT('',#474);
#474 = CARTESIAN_POINT('',(-27.25,30.,8.));
#475 = SEAM_CURVE('',#476,(#480,#487),.PCURVE_S1.);
#476 = LINE('',#477,#478);
#477 = CARTESIAN_POINT('',(-27.25,30.,0.));
#478 = VECTOR('',#479,1.);
#479 = DIRECTION('',(0.,0.,1.));
#480 = PCURVE('',#295,#481);
#481 = DEFINITIONAL_REPRESENTATION('',(#482),#486);
#482 = LINE('',#483,#484);
#483 = CARTESIAN_POINT('',(-0.,0.));
#484 = VECTOR('',#485,1.);
#485 = DIRECTION('',(-0.,-1.));
#486 = ( GEOMETRIC_REPRESENTATION_CONTEXT(2) 
PARAMETRIC_REPRESENTATION_CONTEXT() REPRESENTATION_CONTEXT('2D SPACE',''
  ) );
#487 = PCURVE('',#295,#488);
#488 = DEFINITIONAL_REPRESENTATION('',(#489),#493);
#489 = LINE('',#490,#491);
#490 = CARTESIAN_POINT('',(-6.28318530718,0.));
#491 = VECTOR('',#492,1.);
#492 = DIRECTION('',(-0.,-1.));
#493 = ( GEOMETRIC_REPRESENTATION_CONTEXT(2) 
PARAMETRIC_REPRESENTATION_CONTEXT() REPRESENTATION_CONTEXT('2D SPACE',''
  ) );
#494 = ORIENTED_EDGE('',*,*,#495,.T.);
#495 = EDGE_CURVE('',#473,#473,#496,.T.);
#496 = SURFACE_CURVE('',#497,(#502,#509),.PCURVE_S1.);
#497 = CIRCLE('',#498,2.75);
#498 = AXIS2_PLACEMENT_3D('',#499,#500,#501);
#499 = CARTESIAN_POINT('',(-30.,30.,8.));
#500 = DIRECTION('',(0.,0.,1.));
#501 = DIRECTION('',(1.,0.,0.));
#502 = PCURVE('',#295,#503);
#503 = DEFINITIONAL_REPRESENTATION('',(#504),#508);
#504 = LINE('',#505,#506);
#505 = CARTESIAN_POINT('',(-0.,-8.));
#506 = VECTOR('',#507,1.);
#507 = DIRECTION('',(-1.,0.));
#508 = ( GEOMETRIC_REPRESENTATION_CONTEXT(2) 
PARAMETRIC_REPRESENTATION_CONTEXT() REPRESENTATION_CONTEXT('2D SPACE',''
  ) );
#509 = PCURVE('',#126,#510);
#510 = DEFINITIONAL_REPRESENTATION('',(#511),#515);
#511 = CIRCLE('',#512,2.75);
#512 = AXIS2_PLACEMENT_2D('',#513,#514);
#513 = CARTESIAN_POINT('',(10.,70.));
#514 = DIRECTION('',(1.,0.));
#515 = ( GEOMETRIC_REPRESENTATION_CONTEXT(2) 
PARAMETRIC_REPRESENTATION_CONTEXT() REPRESENTATION_CONTEXT('2D SPACE',''
  ) );
#516 = ORIENTED_EDGE('',*,*,#472,.F.);
#517 = ORIENTED_EDGE('',*,*,#278,.F.);
#518 = ADVANCED_FACE('',(#519),#264,.F.);
#519 = FACE_BOUND('',#520,.T.);
#520 = EDGE_LOOP('',(#521,#544,#566,#567));
#521 = ORIENTED_EDGE('',*,*,#522,.T.);
#522 = EDGE_CURVE('',#248,#523,#525,.T.);
#523 = VERTEX_POINT('',#524);
#524 = CARTESIAN_POINT('',(32.75,-30.,8.));
#525 = SEAM_CURVE('',#526,(#530,#537),.PCURVE_S1.);
#526 = LINE('',#527,#528);
#527 = CARTESIAN_POINT('',(32.75,-30.,0.));
#528 = VECTOR('',#529,1.);
#529 = DIRECTION('',(0.,0.,1.));
#530 = PCURVE('',#264,#531);
#531 = DEFINITIONAL_REPRESENTATION('',(#532),#536);
#532 = LINE('',#533,#534);
#533 = CARTESIAN_POINT('',(-0.,0.));
#534 = VECTOR('',#535,1.);
#535 = DIRECTION('',(-0.,-1.));
#536 = ( GEOMETRIC_REPRESENTATION_CONTEXT(2) 
PARAMETRIC_REPRESENTATION_CONTEXT() REPRESENTATION_CONTEXT('2D SPACE',''
  ) );
#537 = PCURVE('',#264,#538);
#538 = DEFINITIONAL_REPRESENTATION('',(#539),#543);
#539 = LINE('',#540,#541);
#540 = CARTESIAN_POINT('',(-6.28318530718,0.));
#541 = VECTOR('',#542,1.);
#542 = DIRECTION('',(-0.,-1.));
#543 = ( GEOMETRIC_REPRESENTATION_CONTEXT(2) 
PARAMETRIC_REPRESENTATION_CONTEXT() REPRESENTATION_CONTEXT('2D SPACE',''
  ) );
#544 = ORIENTED_EDGE('',*,*,#545,.T.);
#545 = EDGE_CURVE('',#523,#523,#546,.T.);
#546 = SURFACE_CURVE('',#547,(#552,#559),.PCURVE_S1.);
#547 = CIRCLE('',#548,2.75);
#548 = AXIS2_PLACEMENT_3D('',#549,#550,#551);
#549 = CARTESIAN_POINT('',(30.,-30.,8.));
#550 = DIRECTION('',(0.,0.,1.));
#551 = DIRECTION('',(1.,0.,0.));
#552 = PCURVE('',#264,#553);
#553 = DEFINITIONAL_REPRESENTATION('',(#554),#558);
#554 = LINE('',#555,#556);
#555 = CARTESIAN_POINT('',(-0.,-8.));
#556 = VECTOR('',#557,1.);
#557 = DIRECTION('',(-1.,0.));
#558 = ( GEOMETRIC_REPRESENTATION_CONTEXT(2) 
PARAMETRIC_REPRESENTATION_CONTEXT() REPRESENTATION_CONTEXT('2D SPACE',''
  ) );
#559 = PCURVE('',#126,#560);
#560 = DEFINITIONAL_REPRESENTATION('',(#561),#565);
#561 = CIRCLE('',#562,2.75);
#562 = AXIS2_PLACEMENT_2D('',#563,#564);
#563 = CARTESIAN_POINT('',(70.,10.));
#564 = DIRECTION('',(1.,0.));
#565 = ( GEOMETRIC_REPRESENTATION_CONTEXT(2) 
PARAMETRIC_REPRESENTATION_CONTEXT() REPRESENTATION_CONTEXT('2D SPACE',''
  ) );
#566 = ORIENTED_EDGE('',*,*,#522,.F.);
#567 = ORIENTED_EDGE('',*,*,#247,.F.);
#568 = ADVANCED_FACE('',(#569),#233,.F.);
#569 = FACE_BOUND('',#570,.T.);
#570 = EDGE_LOOP('',(#571,#594,#616,#617));
#571 = ORIENTED_EDGE('',*,*,#572,.T.);
#572 = EDGE_CURVE('',#217,#573,#575,.T.);
#573 = VERTEX_POINT('',#574);
#574 = CARTESIAN_POINT('',(-27.25,-30.,8.));
#575 = SEAM_CURVE('',#576,(#580,#587),.PCURVE_S1.);
#576 = LINE('',#577,#578);
#577 = CARTESIAN_POINT('',(-27.25,-30.,0.));
#578 = VECTOR('',#579,1.);
#579 = DIRECTION('',(0.,0.,1.));
#580 = PCURVE('',#233,#581);
#581 = DEFINITIONAL_REPRESENTATION('',(#582),#586);
#582 = LINE('',#583,#584);
#583 = CARTESIAN_POINT('',(-0.,0.));
#584 = VECTOR('',#585,1.);
#585 = DIRECTION('',(-0.,-1.));
#586 = ( GEOMETRIC_REPRESENTATION_CONTEXT(2) 
PARAMETRIC_REPRESENTATION_CONTEXT() REPRESENTATION_CONTEXT('2D SPACE',''
  ) );
#587 = PCURVE('',#233,#588);
#588 = DEFINITIONAL_REPRESENTATION('',(#589),#593);
#589 = LINE('',#590,#591);
#590 = CARTESIAN_POINT('',(-6.28318530718,0.));
#591 = VECTOR('',#592,1.);
#592 = DIRECTION('',(-0.,-1.));
#593 = ( GEOMETRIC_REPRESENTATION_CONTEXT(2) 
PARAMETRIC_REPRESENTATION_CONTEXT() REPRESENTATION_CONTEXT('2D SPACE',''
  ) );
#594 = ORIENTED_EDGE('',*,*,#595,.T.);
#595 = EDGE_CURVE('',#573,#573,#596,.T.);
#596 = SURFACE_CURVE('',#597,(#602,#609),.PCURVE_S1.);
#597 = CIRCLE('',#598,2.75);
#598 = AXIS2_PLACEMENT_3D('',#599,#600,#601);
#599 = CARTESIAN_POINT('',(-30.,-30.,8.));
#600 = DIRECTION('',(0.,0.,1.));
#601 = DIRECTION('',(1.,0.,0.));
#602 = PCURVE('',#233,#603);
#603 = DEFINITIONAL_REPRESENTATION('',(#604),#608);
#604 = LINE('',#605,#606);
#605 = CARTESIAN_POINT('',(-0.,-8.));
#606 = VECTOR('',#607,1.);
#607 = DIRECTION('',(-1.,0.));
#608 = ( GEOMETRIC_REPRESENTATION_CONTEXT(2) 
PARAMETRIC_REPRESENTATION_CONTEXT() REPRESENTATION_CONTEXT('2D SPACE',''
  ) );
#609 = PCURVE('',#126,#610);
#610 = DEFINITIONAL_REPRESENTATION('',(#611),#615);
#611 = CIRCLE('',#612,2.75);
#612 = AXIS2_PLACEMENT_2D('',#613,#614);
#613 = CARTESIAN_POINT('',(10.,10.));
#614 = DIRECTION('',(1.,0.));
#615 = ( GEOMETRIC_REPRESENTATION_CONTEXT(2) 
PARAMETRIC_REPRESENTATION_CONTEXT() REPRESENTATION_CONTEXT('2D SPACE',''
  ) );
#616 = ORIENTED_EDGE('',*,*,#572,.F.);
#617 = ORIENTED_EDGE('',*,*,#216,.F.);
#618 = ADVANCED_FACE('',(#619),#181,.T.);
#619 = FACE_BOUND('',#620,.T.);
#620 = EDGE_LOOP('',(#621,#644,#645,#668));
#621 = ORIENTED_EDGE('',*,*,#622,.F.);
#622 = EDGE_CURVE('',#143,#623,#625,.T.);
#623 = VERTEX_POINT('',#624);
#624 = CARTESIAN_POINT('',(40.,-40.,8.));
#625 = SURFACE_CURVE('',#626,(#630,#637),.PCURVE_S1.);
#626 = LINE('',#627,#628);
#627 = CARTESIAN_POINT('',(40.,-40.,0.));
#628 = VECTOR('',#629,1.);
#629 = DIRECTION('',(0.,0.,1.));
#630 = PCURVE('',#181,#631);
#631 = DEFINITIONAL_REPRESENTATION('',(#632),#636);
#632 = LINE('',#633,#634);
#633 = CARTESIAN_POINT('',(0.,0.));
#634 = VECTOR('',#635,1.);
#635 = DIRECTION('',(1.,0.));
#636 = ( GEOMETRIC_REPRESENTATION_CONTEXT(2) 
PARAMETRIC_REPRESENTATION_CONTEXT() REPRESENTATION_CONTEXT('2D SPACE',''
  ) );
#637 = PCURVE('',#44,#638);
#638 = DEFINITIONAL_REPRESENTATION('',(#639),#643);
#639 = LINE('',#640,#641);
#640 = CARTESIAN_POINT('',(0.,80.));
#641 = VECTOR('',#642,1.);
#642 = DIRECTION('',(1.,0.));
#643 = ( GEOMETRIC_REPRESENTATION_CONTEXT(2) 
PARAMETRIC_REPRESENTATION_CONTEXT() REPRESENTATION_CONTEXT('2D SPACE',''
  ) );
#644 = ORIENTED_EDGE('',*,*,#165,.T.);
#645 = ORIENTED_EDGE('',*,*,#646,.T.);
#646 = EDGE_CURVE('',#166,#647,#649,.T.);
#647 = VERTEX_POINT('',#648);
#648 = CARTESIAN_POINT('',(40.,40.,8.));
#649 = SURFACE_CURVE('',#650,(#654,#661),.PCURVE_S1.);
#650 = LINE('',#651,#652);
#651 = CARTESIAN_POINT('',(40.,40.,0.));
#652 = VECTOR('',#653,1.);
#653 = DIRECTION('',(0.,0.,1.));
#654 = PCURVE('',#181,#655);
#655 = DEFINITIONAL_REPRESENTATION('',(#656),#660);
#656 = LINE('',#657,#658);
#657 = CARTESIAN_POINT('',(0.,-80.));
#658 = VECTOR('',#659,1.);
#659 = DIRECTION('',(1.,0.));
#660 = ( GEOMETRIC_REPRESENTATION_CONTEXT(2) 
PARAMETRIC_REPRESENTATION_CONTEXT() REPRESENTATION_CONTEXT('2D SPACE',''
  ) );
#661 = PCURVE('',#100,#662);
#662 = DEFINITIONAL_REPRESENTATION('',(#663),#667);
#663 = LINE('',#664,#665);
#664 = CARTESIAN_POINT('',(0.,80.));
#665 = VECTOR('',#666,1.);
#666 = DIRECTION('',(1.,0.));
#667 = ( GEOMETRIC_REPRESENTATION_CONTEXT(2) 
PARAMETRIC_REPRESENTATION_CONTEXT() REPRESENTATION_CONTEXT('2D SPACE',''
  ) );
#668 = ORIENTED_EDGE('',*,*,#669,.F.);
#669 = EDGE_CURVE('',#623,#647,#670,.T.);
#670 = SURFACE_CURVE('',#671,(#675,#682),.PCURVE_S1.);
#671 = LINE('',#672,#673);
#672 = CARTESIAN_POINT('',(40.,-40.,8.));
#673 = VECTOR('',#674,1.);
#674 = DIRECTION('',(0.,1.,0.));
#675 = PCURVE('',#181,#676);
#676 = DEFINITIONAL_REPRESENTATION('',(#677),#681);
#677 = LINE('',#678,#679);
#678 = CARTESIAN_POINT('',(8.,0.));
#679 = VECTOR('',#680,1.);
#680 = DIRECTION('',(0.,-1.));
#681 = ( GEOMETRIC_REPRESENTATION_CONTEXT(2) 
PARAMETRIC_REPRESENTATION_CONTEXT() REPRESENTATION_CONTEXT('2D SPACE',''
  ) );
#682 = PCURVE('',#126,#683);
#683 = DEFINITIONAL_REPRESENTATION('',(#684),#688);
#684 = LINE('',#685,#686);
#685 = CARTESIAN_POINT('',(80.,0.));
#686 = VECTOR('',#687,1.);
#687 = DIRECTION('',(0.,1.));
#688 = ( GEOMETRIC_REPRESENTATION_CONTEXT(2) 
PARAMETRIC_REPRESENTATION_CONTEXT() REPRESENTATION_CONTEXT('2D SPACE',''
  ) );
#689 = ADVANCED_FACE('',(#690),#100,.T.);
#690 = FACE_BOUND('',#691,.T.);
#691 = EDGE_LOOP('',(#692,#693,#694,#715));
#692 = ORIENTED_EDGE('',*,*,#193,.F.);
#693 = ORIENTED_EDGE('',*,*,#84,.T.);
#694 = ORIENTED_EDGE('',*,*,#695,.F.);
#695 = EDGE_CURVE('',#647,#85,#696,.T.);
#696 = SURFACE_CURVE('',#697,(#701,#708),.PCURVE_S1.);
#697 = LINE('',#698,#699);
#698 = CARTESIAN_POINT('',(40.,40.,8.));
#699 = VECTOR('',#700,1.);
#700 = DIRECTION('',(-1.,0.,0.));
#701 = PCURVE('',#100,#702);
#702 = DEFINITIONAL_REPRESENTATION('',(#703),#707);
#703 = LINE('',#704,#705);
#704 = CARTESIAN_POINT('',(8.,80.));
#705 = VECTOR('',#706,1.);
#706 = DIRECTION('',(0.,-1.));
#707 = ( GEOMETRIC_REPRESENTATION_CONTEXT(2) 
PARAMETRIC_REPRESENTATION_CONTEXT() REPRESENTATION_CONTEXT('2D SPACE',''
  ) );
#708 = PCURVE('',#126,#709);
#709 = DEFINITIONAL_REPRESENTATION('',(#710),#714);
#710 = LINE('',#711,#712);
#711 = CARTESIAN_POINT('',(80.,80.));
#712 = VECTOR('',#713,1.);
#713 = DIRECTION('',(-1.,0.));
#714 = ( GEOMETRIC_REPRESENTATION_CONTEXT(2) 
PARAMETRIC_REPRESENTATION_CONTEXT() REPRESENTATION_CONTEXT('2D SPACE',''
  ) );
#715 = ORIENTED_EDGE('',*,*,#646,.F.);
#716 = ADVANCED_FACE('',(#717,#743,#863,#866,#869,#872,#875),#126,.T.);
#717 = FACE_BOUND('',#718,.T.);
#718 = EDGE_LOOP('',(#719,#720,#741,#742));
#719 = ORIENTED_EDGE('',*,*,#112,.F.);
#720 = ORIENTED_EDGE('',*,*,#721,.T.);
#721 = EDGE_CURVE('',#24,#623,#722,.T.);
#722 = SURFACE_CURVE('',#723,(#727,#734),.PCURVE_S1.);
#723 = LINE('',#724,#725);
#724 = CARTESIAN_POINT('',(-40.,-40.,8.));
#725 = VECTOR('',#726,1.);
#726 = DIRECTION('',(1.,0.,0.));
#727 = PCURVE('',#126,#728);
#728 = DEFINITIONAL_REPRESENTATION('',(#729),#733);
#729 = LINE('',#730,#731);
#730 = CARTESIAN_POINT('',(0.,0.));
#731 = VECTOR('',#732,1.);
#732 = DIRECTION('',(1.,0.));
#733 = ( GEOMETRIC_REPRESENTATION_CONTEXT(2) 
PARAMETRIC_REPRESENTATION_CONTEXT() REPRESENTATION_CONTEXT('2D SPACE',''
  ) );
#734 = PCURVE('',#44,#735);
#735 = DEFINITIONAL_REPRESENTATION('',(#736),#740);
#736 = LINE('',#737,#738);
#737 = CARTESIAN_POINT('',(8.,0.));
#738 = VECTOR('',#739,1.);
#739 = DIRECTION('',(0.,1.));
#740 = ( GEOMETRIC_REPRESENTATION_CONTEXT(2) 
PARAMETRIC_REPRESENTATION_CONTEXT() REPRESENTATION_CONTEXT('2D SPACE',''
  ) );
#741 = ORIENTED_EDGE('',*,*,#669,.T.);
#742 = ORIENTED_EDGE('',*,*,#695,.T.);
#743 = FACE_BOUND('',#744,.T.);
#744 = EDGE_LOOP('',(#745,#775,#804,#832));
#745 = ORIENTED_EDGE('',*,*,#746,.F.);
#746 = EDGE_CURVE('',#747,#749,#751,.T.);
#747 = VERTEX_POINT('',#748);
#748 = CARTESIAN_POINT('',(-1.,25.980762113533,8.));
#749 = VERTEX_POINT('',#750);
#750 = CARTESIAN_POINT('',(-1.000000000001,34.985711369072,8.));
#751 = SURFACE_CURVE('',#752,(#756,#763),.PCURVE_S1.);
#752 = LINE('',#753,#754);
#753 = CARTESIAN_POINT('',(-1.,24.,8.));
#754 = VECTOR('',#755,1.);
#755 = DIRECTION('',(0.,1.,0.));
#756 = PCURVE('',#126,#757);
#757 = DEFINITIONAL_REPRESENTATION('',(#758),#762);
#758 = LINE('',#759,#760);
#759 = CARTESIAN_POINT('',(39.,64.));
#760 = VECTOR('',#761,1.);
#761 = DIRECTION('',(0.,1.));
#762 = ( GEOMETRIC_REPRESENTATION_CONTEXT(2) 
PARAMETRIC_REPRESENTATION_CONTEXT() REPRESENTATION_CONTEXT('2D SPACE',''
  ) );
#763 = PCURVE('',#764,#769);
#764 = PLANE('',#765);
#765 = AXIS2_PLACEMENT_3D('',#766,#767,#768);
#766 = CARTESIAN_POINT('',(-1.,24.,8.));
#767 = DIRECTION('',(1.,0.,0.));
#768 = DIRECTION('',(0.,0.,1.));
#769 = DEFINITIONAL_REPRESENTATION('',(#770),#774);
#770 = LINE('',#771,#772);
#771 = CARTESIAN_POINT('',(0.,0.));
#772 = VECTOR('',#773,1.);
#773 = DIRECTION('',(0.,-1.));
#774 = ( GEOMETRIC_REPRESENTATION_CONTEXT(2) 
PARAMETRIC_REPRESENTATION_CONTEXT() REPRESENTATION_CONTEXT('2D SPACE',''
  ) );
#775 = ORIENTED_EDGE('',*,*,#776,.T.);
#776 = EDGE_CURVE('',#747,#777,#779,.T.);
#777 = VERTEX_POINT('',#778);
#778 = CARTESIAN_POINT('',(1.,25.980762113533,8.));
#779 = SURFACE_CURVE('',#780,(#785,#792),.PCURVE_S1.);
#780 = CIRCLE('',#781,26.);
#781 = AXIS2_PLACEMENT_3D('',#782,#783,#784);
#782 = CARTESIAN_POINT('',(1.664700123781E-13,1.218073261303E-15,8.));
#783 = DIRECTION('',(0.,0.,1.));
#784 = DIRECTION('',(-3.846153846154E-02,0.99926008129,0.));
#785 = PCURVE('',#126,#786);
#786 = DEFINITIONAL_REPRESENTATION('',(#787),#791);
#787 = CIRCLE('',#788,26.);
#788 = AXIS2_PLACEMENT_2D('',#789,#790);
#789 = CARTESIAN_POINT('',(40.,40.));
#790 = DIRECTION('',(-3.846153846154E-02,0.99926008129));
#791 = ( GEOMETRIC_REPRESENTATION_CONTEXT(2) 
PARAMETRIC_REPRESENTATION_CONTEXT() REPRESENTATION_CONTEXT('2D SPACE',''
  ) );
#792 = PCURVE('',#793,#798);
#793 = CYLINDRICAL_SURFACE('',#794,26.);
#794 = AXIS2_PLACEMENT_3D('',#795,#796,#797);
#795 = CARTESIAN_POINT('',(1.664700123781E-13,1.218073261303E-15,8.));
#796 = DIRECTION('',(-0.,-0.,-1.));
#797 = DIRECTION('',(1.,0.,0.));
#798 = DEFINITIONAL_REPRESENTATION('',(#799),#803);
#799 = LINE('',#800,#801);
#800 = CARTESIAN_POINT('',(-1.609267354202,0.));
#801 = VECTOR('',#802,1.);
#802 = DIRECTION('',(-1.,0.));
#803 = ( GEOMETRIC_REPRESENTATION_CONTEXT(2) 
PARAMETRIC_REPRESENTATION_CONTEXT() REPRESENTATION_CONTEXT('2D SPACE',''
  ) );
#804 = ORIENTED_EDGE('',*,*,#805,.T.);
#805 = EDGE_CURVE('',#777,#806,#808,.T.);
#806 = VERTEX_POINT('',#807);
#807 = CARTESIAN_POINT('',(0.999999999999,34.985711369072,8.));
#808 = SURFACE_CURVE('',#809,(#813,#820),.PCURVE_S1.);
#809 = LINE('',#810,#811);
#810 = CARTESIAN_POINT('',(1.,24.,8.));
#811 = VECTOR('',#812,1.);
#812 = DIRECTION('',(0.,1.,0.));
#813 = PCURVE('',#126,#814);
#814 = DEFINITIONAL_REPRESENTATION('',(#815),#819);
#815 = LINE('',#816,#817);
#816 = CARTESIAN_POINT('',(41.,64.));
#817 = VECTOR('',#818,1.);
#818 = DIRECTION('',(0.,1.));
#819 = ( GEOMETRIC_REPRESENTATION_CONTEXT(2) 
PARAMETRIC_REPRESENTATION_CONTEXT() REPRESENTATION_CONTEXT('2D SPACE',''
  ) );
#820 = PCURVE('',#821,#826);
#821 = PLANE('',#822);
#822 = AXIS2_PLACEMENT_3D('',#823,#824,#825);
#823 = CARTESIAN_POINT('',(1.,24.,8.));
#824 = DIRECTION('',(1.,0.,0.));
#825 = DIRECTION('',(0.,0.,1.));
#826 = DEFINITIONAL_REPRESENTATION('',(#827),#831);
#827 = LINE('',#828,#829);
#828 = CARTESIAN_POINT('',(0.,0.));
#829 = VECTOR('',#830,1.);
#830 = DIRECTION('',(0.,-1.));
#831 = ( GEOMETRIC_REPRESENTATION_CONTEXT(2) 
PARAMETRIC_REPRESENTATION_CONTEXT() REPRESENTATION_CONTEXT('2D SPACE',''
  ) );
#832 = ORIENTED_EDGE('',*,*,#833,.T.);
#833 = EDGE_CURVE('',#806,#749,#834,.T.);
#834 = SURFACE_CURVE('',#835,(#840,#851),.PCURVE_S1.);
#835 = CIRCLE('',#836,35.);
#836 = AXIS2_PLACEMENT_3D('',#837,#838,#839);
#837 = CARTESIAN_POINT('',(0.,0.,8.));
#838 = DIRECTION('',(0.,0.,-1.));
#839 = DIRECTION('',(2.857142857141E-02,0.999591753402,0.));
#840 = PCURVE('',#126,#841);
#841 = DEFINITIONAL_REPRESENTATION('',(#842),#850);
#842 = ( BOUNDED_CURVE() B_SPLINE_CURVE(2,(#843,#844,#845,#846,#847,#848
,#849),.UNSPECIFIED.,.T.,.F.) B_SPLINE_CURVE_WITH_KNOTS((1,2,2,2,2,1),(
    -2.094395102393,0.,2.094395102393,4.188790204786,6.28318530718,
8.377580409573),.UNSPECIFIED.) CURVE() GEOMETRIC_REPRESENTATION_ITEM() 
RATIONAL_B_SPLINE_CURVE((1.,0.5,1.,0.5,1.,0.5,1.)) REPRESENTATION_ITEM(
  '') );
#843 = CARTESIAN_POINT('',(40.999999999999,74.985711369072));
#844 = CARTESIAN_POINT('',(101.59702963017,73.253660561504));
#845 = CARTESIAN_POINT('',(69.798514815087,21.64111891168));
#846 = CARTESIAN_POINT('',(38.000000000001,-29.97142273814));
#847 = CARTESIAN_POINT('',(9.201485184914,23.373169719248));
#848 = CARTESIAN_POINT('',(-19.59702963017,76.717762176639));
#849 = CARTESIAN_POINT('',(40.999999999999,74.985711369072));
#850 = ( GEOMETRIC_REPRESENTATION_CONTEXT(2) 
PARAMETRIC_REPRESENTATION_CONTEXT() REPRESENTATION_CONTEXT('2D SPACE',''
  ) );
#851 = PCURVE('',#852,#857);
#852 = CYLINDRICAL_SURFACE('',#853,35.);
#853 = AXIS2_PLACEMENT_3D('',#854,#855,#856);
#854 = CARTESIAN_POINT('',(0.,0.,8.));
#855 = DIRECTION('',(-0.,-0.,-1.));
#856 = DIRECTION('',(1.,0.,0.));
#857 = DEFINITIONAL_REPRESENTATION('',(#858),#862);
#858 = LINE('',#859,#860);
#859 = CARTESIAN_POINT('',(-7.825406316705,0.));
#860 = VECTOR('',#861,1.);
#861 = DIRECTION('',(1.,-0.));
#862 = ( GEOMETRIC_REPRESENTATION_CONTEXT(2) 
PARAMETRIC_REPRESENTATION_CONTEXT() REPRESENTATION_CONTEXT('2D SPACE',''
  ) );
#863 = FACE_BOUND('',#864,.T.);
#864 = EDGE_LOOP('',(#865));
#865 = ORIENTED_EDGE('',*,*,#595,.F.);
#866 = FACE_BOUND('',#867,.T.);
#867 = EDGE_LOOP('',(#868));
#868 = ORIENTED_EDGE('',*,*,#545,.F.);
#869 = FACE_BOUND('',#870,.T.);
#870 = EDGE_LOOP('',(#871));
#871 = ORIENTED_EDGE('',*,*,#495,.F.);
#872 = FACE_BOUND('',#873,.T.);
#873 = EDGE_LOOP('',(#874));
#874 = ORIENTED_EDGE('',*,*,#395,.F.);
#875 = FACE_BOUND('',#876,.T.);
#876 = EDGE_LOOP('',(#877));
#877 = ORIENTED_EDGE('',*,*,#445,.F.);
#878 = ADVANCED_FACE('',(#879,#955,#1214),#852,.T.);
#879 = FACE_BOUND('',#880,.F.);
#880 = EDGE_LOOP('',(#881,#902,#935,#954));
#881 = ORIENTED_EDGE('',*,*,#882,.F.);
#882 = EDGE_CURVE('',#883,#749,#885,.T.);
#883 = VERTEX_POINT('',#884);
#884 = CARTESIAN_POINT('',(-1.000000000001,34.985711369072,48.));
#885 = SURFACE_CURVE('',#886,(#890,#896),.PCURVE_S1.);
#886 = LINE('',#887,#888);
#887 = CARTESIAN_POINT('',(-1.,34.985711369072,8.));
#888 = VECTOR('',#889,1.);
#889 = DIRECTION('',(-0.,-0.,-1.));
#890 = PCURVE('',#852,#891);
#891 = DEFINITIONAL_REPRESENTATION('',(#892),#895);
#892 = B_SPLINE_CURVE_WITH_KNOTS('',1,(#893,#894),.UNSPECIFIED.,.F.,.F.,
  (2,2),(-40.,0.),.PIECEWISE_BEZIER_KNOTS.);
#893 = CARTESIAN_POINT('',(-1.599371644064,-40.));
#894 = CARTESIAN_POINT('',(-1.599371644064,0.));
#895 = ( GEOMETRIC_REPRESENTATION_CONTEXT(2) 
PARAMETRIC_REPRESENTATION_CONTEXT() REPRESENTATION_CONTEXT('2D SPACE',''
  ) );
#896 = PCURVE('',#764,#897);
#897 = DEFINITIONAL_REPRESENTATION('',(#898),#901);
#898 = B_SPLINE_CURVE_WITH_KNOTS('',1,(#899,#900),.UNSPECIFIED.,.F.,.F.,
  (2,2),(-40.0000006,5.999999999062E-07),.PIECEWISE_BEZIER_KNOTS.);
#899 = CARTESIAN_POINT('',(40.0000006,-10.98571136907));
#900 = CARTESIAN_POINT('',(-5.999999999062E-07,-10.98571136907));
#901 = ( GEOMETRIC_REPRESENTATION_CONTEXT(2) 
PARAMETRIC_REPRESENTATION_CONTEXT() REPRESENTATION_CONTEXT('2D SPACE',''
  ) );
#902 = ORIENTED_EDGE('',*,*,#903,.F.);
#903 = EDGE_CURVE('',#904,#883,#906,.T.);
#904 = VERTEX_POINT('',#905);
#905 = CARTESIAN_POINT('',(0.999999999999,34.985711369072,48.));
#906 = SURFACE_CURVE('',#907,(#912,#919),.PCURVE_S1.);
#907 = CIRCLE('',#908,35.);
#908 = AXIS2_PLACEMENT_3D('',#909,#910,#911);
#909 = CARTESIAN_POINT('',(0.,0.,48.));
#910 = DIRECTION('',(0.,0.,-1.));
#911 = DIRECTION('',(2.857142857141E-02,0.999591753402,0.));
#912 = PCURVE('',#852,#913);
#913 = DEFINITIONAL_REPRESENTATION('',(#914),#918);
#914 = LINE('',#915,#916);
#915 = CARTESIAN_POINT('',(-7.825406316705,-40.));
#916 = VECTOR('',#917,1.);
#917 = DIRECTION('',(1.,-0.));
#918 = ( GEOMETRIC_REPRESENTATION_CONTEXT(2) 
PARAMETRIC_REPRESENTATION_CONTEXT() REPRESENTATION_CONTEXT('2D SPACE',''
  ) );
#919 = PCURVE('',#920,#925);
#920 = PLANE('',#921);
#921 = AXIS2_PLACEMENT_3D('',#922,#923,#924);
#922 = CARTESIAN_POINT('',(-1.250230978322E-15,2.32193833596E-15,48.));
#923 = DIRECTION('',(0.,0.,1.));
#924 = DIRECTION('',(1.,0.,-0.));
#925 = DEFINITIONAL_REPRESENTATION('',(#926),#934);
#926 = ( BOUNDED_CURVE() B_SPLINE_CURVE(2,(#927,#928,#929,#930,#931,#932
,#933),.UNSPECIFIED.,.T.,.F.) B_SPLINE_CURVE_WITH_KNOTS((1,2,2,2,2,1),(
    -2.094395102393,0.,2.094395102393,4.188790204786,6.28318530718,
8.377580409573),.UNSPECIFIED.) CURVE() GEOMETRIC_REPRESENTATION_ITEM() 
RATIONAL_B_SPLINE_CURVE((1.,0.5,1.,0.5,1.,0.5,1.)) REPRESENTATION_ITEM(
  '') );
#927 = CARTESIAN_POINT('',(0.999999999999,34.985711369072));
#928 = CARTESIAN_POINT('',(61.597029630172,33.253660561504));
#929 = CARTESIAN_POINT('',(29.798514815087,-18.35888108832));
#930 = CARTESIAN_POINT('',(-1.999999999999,-69.97142273814));
#931 = CARTESIAN_POINT('',(-30.79851481508,-16.62683028075));
#932 = CARTESIAN_POINT('',(-59.59702963017,36.717762176639));
#933 = CARTESIAN_POINT('',(0.999999999999,34.985711369072));
#934 = ( GEOMETRIC_REPRESENTATION_CONTEXT(2) 
PARAMETRIC_REPRESENTATION_CONTEXT() REPRESENTATION_CONTEXT('2D SPACE',''
  ) );
#935 = ORIENTED_EDGE('',*,*,#936,.T.);
#936 = EDGE_CURVE('',#904,#806,#937,.T.);
#937 = SURFACE_CURVE('',#938,(#942,#948),.PCURVE_S1.);
#938 = LINE('',#939,#940);
#939 = CARTESIAN_POINT('',(1.,34.985711369072,8.));
#940 = VECTOR('',#941,1.);
#941 = DIRECTION('',(-0.,-0.,-1.));
#942 = PCURVE('',#852,#943);
#943 = DEFINITIONAL_REPRESENTATION('',(#944),#947);
#944 = B_SPLINE_CURVE_WITH_KNOTS('',1,(#945,#946),.UNSPECIFIED.,.F.,.F.,
  (2,2),(-40.,0.),.PIECEWISE_BEZIER_KNOTS.);
#945 = CARTESIAN_POINT('',(-7.825406316705,-40.));
#946 = CARTESIAN_POINT('',(-7.825406316705,0.));
#947 = ( GEOMETRIC_REPRESENTATION_CONTEXT(2) 
PARAMETRIC_REPRESENTATION_CONTEXT() REPRESENTATION_CONTEXT('2D SPACE',''
  ) );
#948 = PCURVE('',#821,#949);
#949 = DEFINITIONAL_REPRESENTATION('',(#950),#953);
#950 = B_SPLINE_CURVE_WITH_KNOTS('',1,(#951,#952),.UNSPECIFIED.,.F.,.F.,
  (2,2),(-40.0000006,5.999999999062E-07),.PIECEWISE_BEZIER_KNOTS.);
#951 = CARTESIAN_POINT('',(40.0000006,-10.98571136907));
#952 = CARTESIAN_POINT('',(-5.999999999062E-07,-10.98571136907));
#953 = ( GEOMETRIC_REPRESENTATION_CONTEXT(2) 
PARAMETRIC_REPRESENTATION_CONTEXT() REPRESENTATION_CONTEXT('2D SPACE',''
  ) );
#954 = ORIENTED_EDGE('',*,*,#833,.T.);
#955 = FACE_BOUND('',#956,.F.);
#956 = EDGE_LOOP('',(#957));
#957 = ORIENTED_EDGE('',*,*,#958,.F.);
#958 = EDGE_CURVE('',#959,#959,#961,.T.);
#959 = VERTEX_POINT('',#960);
#960 = CARTESIAN_POINT('',(34.92760369679,2.25,28.));
#961 = SURFACE_CURVE('',#962,(#1019,#1114),.PCURVE_S1.);
#962 = B_SPLINE_CURVE_WITH_KNOTS('',7,(#963,#964,#965,#966,#967,#968,
    #969,#970,#971,#972,#973,#974,#975,#976,#977,#978,#979,#980,#981,
    #982,#983,#984,#985,#986,#987,#988,#989,#990,#991,#992,#993,#994,
    #995,#996,#997,#998,#999,#1000,#1001,#1002,#1003,#1004,#1005,#1006,
    #1007,#1008,#1009,#1010,#1011,#1012,#1013,#1014,#1015,#1016,#1017,
    #1018),.UNSPECIFIED.,.T.,.F.,(8,6,6,6,6,6,6,6,6,8),(0.,
    0.550408174825,1.,1.491081737693,2.003100059948,2.515120628908,
    3.006419231584,3.209354729981,3.491912592454,3.992228867678),
  .UNSPECIFIED.);
#963 = CARTESIAN_POINT('',(34.92760369679,2.25,28.));
#964 = CARTESIAN_POINT('',(34.92760369679,2.25,27.758209531652));
#965 = CARTESIAN_POINT('',(34.929556384622,2.219687085639,
    27.516691665318));
#966 = CARTESIAN_POINT('',(34.933454594564,2.159176803307,
    27.277581325504));
#967 = CARTESIAN_POINT('',(34.93918363738,2.067651222579,27.043298206289
    ));
#968 = CARTESIAN_POINT('',(34.946511081929,1.943638989636,
    26.817034257244));
#969 = CARTESIAN_POINT('',(34.954978370172,1.785308017509,26.60332750217
    ));
#970 = CARTESIAN_POINT('',(34.97104320471,1.432265005564,26.250284490225
    ));
#971 = CARTESIAN_POINT('',(34.978675602607,1.246021561476,
    26.100989222681));
#972 = CARTESIAN_POINT('',(34.98614946452,1.033211502268,25.969660288205
    ));
#973 = CARTESIAN_POINT('',(34.99269590031,0.796878318678,25.86362223096)
  );
#974 = CARTESIAN_POINT('',(34.997500538564,0.541754306392,
    25.788879873342));
#975 = CARTESIAN_POINT('',(35.,0.273830428554,25.75));
#976 = CARTESIAN_POINT('',(35.,-0.299100462147,25.75));
#977 = CARTESIAN_POINT('',(34.997017944592,-0.590233229078,
    25.796386759509));
#978 = CARTESIAN_POINT('',(34.991339970606,-0.864939793964,
    25.884715126117));
#979 = CARTESIAN_POINT('',(34.983744310783,-1.116185778424,
    26.008856709581));
#980 = CARTESIAN_POINT('',(34.975296749457,-1.338659952036,
    26.161101742644));
#981 = CARTESIAN_POINT('',(34.966933669794,-1.529287006604,
    26.332307424781));
#982 = CARTESIAN_POINT('',(34.951307100495,-1.852968651336,
    26.69945218277));
#983 = CARTESIAN_POINT('',(34.943882569562,-1.987843196703,
    26.901376300661));
#984 = CARTESIAN_POINT('',(34.937545367879,-2.093771984726,
    27.112944481588));
#985 = CARTESIAN_POINT('',(34.932619419768,-2.172140040305,
    27.33080487123));
#986 = CARTESIAN_POINT('',(34.929277186863,-2.224021536367,
    27.552518907406));
#987 = CARTESIAN_POINT('',(34.92760369679,-2.25,27.776164330713));
#988 = CARTESIAN_POINT('',(34.92760369679,-2.25,28.223836651464));
#989 = CARTESIAN_POINT('',(34.929277203622,-2.224021283739,
    28.447476470554));
#990 = CARTESIAN_POINT('',(34.932619283122,-2.172142154037,
    28.669187031904));
#991 = CARTESIAN_POINT('',(34.937545137934,-2.093775503907,
    28.887050837011));
#992 = CARTESIAN_POINT('',(34.943882622781,-1.987843390224,
    29.098626886329));
#993 = CARTESIAN_POINT('',(34.951307376943,-1.852962925124,
    29.300554312342));
#994 = CARTESIAN_POINT('',(34.966936749334,-1.529223218422,
    29.667764928708));
#995 = CARTESIAN_POINT('',(34.975298939552,-1.338600585341,
    29.838929287024));
#996 = CARTESIAN_POINT('',(34.983743030589,-1.11619212583,
    29.991111780361));
#997 = CARTESIAN_POINT('',(34.991336006252,-0.865037141589,
    30.115223365591));
#998 = CARTESIAN_POINT('',(34.997015168959,-0.590393568136,
    30.203570032291));
#999 = CARTESIAN_POINT('',(35.,-0.299239712652,30.25));
#1000 = CARTESIAN_POINT('',(35.,0.123603771507,30.25));
#1001 = CARTESIAN_POINT('',(34.999490997613,0.246995532239,
    30.242078081561));
#1002 = CARTESIAN_POINT('',(34.99847510042,0.369216694446,
    30.226283402365));
#1003 = CARTESIAN_POINT('',(34.996980452587,0.489322137959,
    30.202857161308));
#1004 = CARTESIAN_POINT('',(34.995056565517,0.606408080436,
    30.172228570837));
#1005 = CARTESIAN_POINT('',(34.992769648506,0.719639947611,
    30.135010829291));
#1006 = CARTESIAN_POINT('',(34.986617212345,0.979545892177,
    30.032106786184));
#1007 = CARTESIAN_POINT('',(34.9824838135,1.12191102163,29.960979871537)
  );
#1008 = CARTESIAN_POINT('',(34.977971733049,1.254845165764,
    29.880177090951));
#1009 = CARTESIAN_POINT('',(34.973252108921,1.378008001036,29.7911507169
    ));
#1010 = CARTESIAN_POINT('',(34.968480214276,1.491220395693,
    29.695260928715));
#1011 = CARTESIAN_POINT('',(34.963788181556,1.594441218454,
    29.593789628509));
#1012 = CARTESIAN_POINT('',(34.951307100495,1.852968651336,
    29.30054781723));
#1013 = CARTESIAN_POINT('',(34.943882569562,1.987843196703,
    29.098623699339));
#1014 = CARTESIAN_POINT('',(34.937545367879,2.093771984727,
    28.887055518412));
#1015 = CARTESIAN_POINT('',(34.932619419768,2.172140040305,
    28.66919512877));
#1016 = CARTESIAN_POINT('',(34.929277186863,2.224021536367,
    28.447481092594));
#1017 = CARTESIAN_POINT('',(34.92760369679,2.25,28.223835669287));
#1018 = CARTESIAN_POINT('',(34.92760369679,2.25,28.));
#1019 = PCURVE('',#852,#1020);
#1020 = DEFINITIONAL_REPRESENTATION('',(#1021),#1113);
#1021 = B_SPLINE_CURVE_WITH_KNOTS('',3,(#1022,#1023,#1024,#1025,#1026,
    #1027,#1028,#1029,#1030,#1031,#1032,#1033,#1034,#1035,#1036,#1037,
    #1038,#1039,#1040,#1041,#1042,#1043,#1044,#1045,#1046,#1047,#1048,
    #1049,#1050,#1051,#1052,#1053,#1054,#1055,#1056,#1057,#1058,#1059,
    #1060,#1061,#1062,#1063,#1064,#1065,#1066,#1067,#1068,#1069,#1070,
    #1071,#1072,#1073,#1074,#1075,#1076,#1077,#1078,#1079,#1080,#1081,
    #1082,#1083,#1084,#1085,#1086,#1087,#1088,#1089,#1090,#1091,#1092,
    #1093,#1094,#1095,#1096,#1097,#1098,#1099,#1100,#1101,#1102,#1103,
    #1104,#1105,#1106,#1107,#1108,#1109,#1110,#1111,#1112),
  .UNSPECIFIED.,.T.,.F.,(4,1,1,1,1,1,1,1,1,1,1,1,1,1,1,1,1,1,1,1,1,1,1,1
    ,1,1,1,1,1,1,1,1,1,1,1,1,1,1,1,1,1,1,1,1,1,1,1,1,1,1,1,1,1,1,1,1,1,1
    ,1,1,1,1,1,1,1,1,1,1,1,1,1,1,1,1,1,1,1,1,1,1,1,1,1,1,1,1,1,1,4),(0.,
    4.536623713271E-02,9.073247426542E-02,0.136098711398,0.181464948531,
    0.226831185664,0.272197422796,0.317563659929,0.362929897062,
    0.408296134194,0.453662371327,0.49902860846,0.544394845593,
    0.589761082725,0.635127319858,0.680493556991,0.725859794123,
    0.771226031256,0.816592268389,0.861958505521,0.907324742654,
    0.952690979787,0.99805721692,1.043423454052,1.088789691185,
    1.134155928318,1.17952216545,1.224888402583,1.270254639716,
    1.315620876849,1.360987113981,1.406353351114,1.451719588247,
    1.497085825379,1.542452062512,1.587818299645,1.633184536778,
    1.67855077391,1.723917011043,1.769283248176,1.814649485308,
    1.860015722441,1.905381959574,1.950748196707,1.996114433839,
    2.041480670972,2.086846908105,2.132213145237,2.17757938237,
    2.222945619503,2.268311856635,2.313678093768,2.359044330901,
    2.404410568034,2.449776805166,2.495143042299,2.540509279432,
    2.585875516564,2.631241753697,2.67660799083,2.721974227963,
    2.767340465095,2.812706702228,2.858072939361,2.903439176493,
    2.948805413626,2.994171650759,3.039537887892,3.084904125024,
    3.130270362157,3.17563659929,3.221002836422,3.266369073555,
    3.311735310688,3.357101547821,3.402467784953,3.447834022086,
    3.493200259219,3.538566496351,3.583932733484,3.629298970617,
    3.674665207749,3.720031444882,3.765397682015,3.810763919148,
    3.85613015628,3.901496393413,3.946862630546,3.992228867678),
  .QUASI_UNIFORM_KNOTS.);
#1022 = CARTESIAN_POINT('',(-6.347515382438,-20.));
#1023 = CARTESIAN_POINT('',(-6.347515304835,-19.95350023189));
#1024 = CARTESIAN_POINT('',(-6.347432902952,-19.860521443));
#1025 = CARTESIAN_POINT('',(-6.34706142265,-19.72139098942));
#1026 = CARTESIAN_POINT('',(-6.346441274582,-19.58286603563));
#1027 = CARTESIAN_POINT('',(-6.345570453398,-19.4452413638));
#1028 = CARTESIAN_POINT('',(-6.344446258428,-19.30883588958));
#1029 = CARTESIAN_POINT('',(-6.34306526222,-19.17400028051));
#1030 = CARTESIAN_POINT('',(-6.341423419514,-19.04112168759));
#1031 = CARTESIAN_POINT('',(-6.339516187788,-18.91063124447));
#1032 = CARTESIAN_POINT('',(-6.337338487661,-18.78300532528));
#1033 = CARTESIAN_POINT('',(-6.334885323317,-18.65879116697));
#1034 = CARTESIAN_POINT('',(-6.332149958417,-18.53854366664));
#1035 = CARTESIAN_POINT('',(-6.329131249916,-18.42309573052));
#1036 = CARTESIAN_POINT('',(-6.325806839049,-18.3125860825));
#1037 = CARTESIAN_POINT('',(-6.322145176777,-18.20739154414));
#1038 = CARTESIAN_POINT('',(-6.318169037273,-18.10956730668));
#1039 = CARTESIAN_POINT('',(-6.313893173425,-18.02060080089));
#1040 = CARTESIAN_POINT('',(-6.309340053018,-17.94198800331));
#1041 = CARTESIAN_POINT('',(-6.30453506957,-17.87507517886));
#1042 = CARTESIAN_POINT('',(-6.299508074441,-17.82109774575));
#1043 = CARTESIAN_POINT('',(-6.294290175232,-17.78116509924));
#1044 = CARTESIAN_POINT('',(-6.288923185844,-17.75626441761));
#1045 = CARTESIAN_POINT('',(-6.283423252552,-17.7472425768));
#1046 = CARTESIAN_POINT('',(-6.277915182941,-17.75485669993));
#1047 = CARTESIAN_POINT('',(-6.272549324401,-17.77836260055));
#1048 = CARTESIAN_POINT('',(-6.267332080345,-17.81686575082));
#1049 = CARTESIAN_POINT('',(-6.262304721778,-17.86938545916));
#1050 = CARTESIAN_POINT('',(-6.257495481752,-17.93484003724));
#1051 = CARTESIAN_POINT('',(-6.252932123459,-18.01205432286));
#1052 = CARTESIAN_POINT('',(-6.24863838196,-18.09975732685));
#1053 = CARTESIAN_POINT('',(-6.244634345689,-18.19659759632));
#1054 = CARTESIAN_POINT('',(-6.240937124894,-18.3010980796));
#1055 = CARTESIAN_POINT('',(-6.237556364812,-18.41183568197));
#1056 = CARTESIAN_POINT('',(-6.234510038564,-18.52678289331));
#1057 = CARTESIAN_POINT('',(-6.23176192894,-18.64586987674));
#1058 = CARTESIAN_POINT('',(-6.22928957844,-18.76912748392));
#1059 = CARTESIAN_POINT('',(-6.227091899733,-18.89577564712));
#1060 = CARTESIAN_POINT('',(-6.225162363957,-19.02533238013));
#1061 = CARTESIAN_POINT('',(-6.223496308423,-19.15730744212));
#1062 = CARTESIAN_POINT('',(-6.222089094687,-19.29127575106));
#1063 = CARTESIAN_POINT('',(-6.220936711498,-19.42684964941));
#1064 = CARTESIAN_POINT('',(-6.220035717186,-19.56367832719));
#1065 = CARTESIAN_POINT('',(-6.219383352148,-19.70144188197));
#1066 = CARTESIAN_POINT('',(-6.218977607764,-19.83984159522));
#1067 = CARTESIAN_POINT('',(-6.218817279314,-19.97861243021));
#1068 = CARTESIAN_POINT('',(-6.21890210984,-20.11745195398));
#1069 = CARTESIAN_POINT('',(-6.219232182773,-20.25598697032));
#1070 = CARTESIAN_POINT('',(-6.219808403336,-20.3939763014));
#1071 = CARTESIAN_POINT('',(-6.220632547052,-20.53112374091));
#1072 = CARTESIAN_POINT('',(-6.221707156442,-20.6671193558));
#1073 = CARTESIAN_POINT('',(-6.223035473371,-20.80162174897));
#1074 = CARTESIAN_POINT('',(-6.224621362778,-20.9342558277));
#1075 = CARTESIAN_POINT('',(-6.226469216169,-21.06460601053));
#1076 = CARTESIAN_POINT('',(-6.228583922056,-21.19221040756));
#1077 = CARTESIAN_POINT('',(-6.230970562706,-21.31655371158));
#1078 = CARTESIAN_POINT('',(-6.233635109073,-21.43706212589));
#1079 = CARTESIAN_POINT('',(-6.236581363551,-21.55308909815));
#1080 = CARTESIAN_POINT('',(-6.239860611937,-21.66535378329));
#1081 = CARTESIAN_POINT('',(-6.243458923067,-21.77186739229));
#1082 = CARTESIAN_POINT('',(-6.247367421345,-21.87118024611));
#1083 = CARTESIAN_POINT('',(-6.251570587527,-21.96180207307));
#1084 = CARTESIAN_POINT('',(-6.256049697198,-22.04236041101));
#1085 = CARTESIAN_POINT('',(-6.260782222097,-22.11156141615));
#1086 = CARTESIAN_POINT('',(-6.265742189662,-22.16820257781));
#1087 = CARTESIAN_POINT('',(-6.27090068032,-22.21117495879));
#1088 = CARTESIAN_POINT('',(-6.276224735917,-22.23945490189));
#1089 = CARTESIAN_POINT('',(-6.281682393795,-22.25214773948));
#1090 = CARTESIAN_POINT('',(-6.287224703718,-22.24833333617));
#1091 = CARTESIAN_POINT('',(-6.292691699386,-22.22800772455));
#1092 = CARTESIAN_POINT('',(-6.298041210095,-22.19183174907));
#1093 = CARTESIAN_POINT('',(-6.303208749315,-22.14078469163));
#1094 = CARTESIAN_POINT('',(-6.308137959597,-22.07628232317));
#1095 = CARTESIAN_POINT('',(-6.312785823375,-21.99999140494));
#1096 = CARTESIAN_POINT('',(-6.317145166481,-21.91319115517));
#1097 = CARTESIAN_POINT('',(-6.321206792226,-21.81714591555));
#1098 = CARTESIAN_POINT('',(-6.324965202023,-21.71306261172));
#1099 = CARTESIAN_POINT('',(-6.328417391531,-21.602085452));
#1100 = CARTESIAN_POINT('',(-6.331560886784,-21.48538243318));
#1101 = CARTESIAN_POINT('',(-6.33440184723,-21.36382535484));
#1102 = CARTESIAN_POINT('',(-6.336950732876,-21.23796635364));
#1103 = CARTESIAN_POINT('',(-6.339212372642,-21.10849147857));
#1104 = CARTESIAN_POINT('',(-6.341192800808,-20.9759616291));
#1105 = CARTESIAN_POINT('',(-6.342897285933,-20.84089231154));
#1106 = CARTESIAN_POINT('',(-6.34433072899,-20.70374200025));
#1107 = CARTESIAN_POINT('',(-6.345497431563,-20.56492436673));
#1108 = CARTESIAN_POINT('',(-6.346401049965,-20.42481376904));
#1109 = CARTESIAN_POINT('',(-6.347044466822,-20.28375140151));
#1110 = CARTESIAN_POINT('',(-6.347429833993,-20.14205334374));
#1111 = CARTESIAN_POINT('',(-6.347515301754,-20.04735670496));
#1112 = CARTESIAN_POINT('',(-6.347515382438,-20.));
#1113 = ( GEOMETRIC_REPRESENTATION_CONTEXT(2) 
PARAMETRIC_REPRESENTATION_CONTEXT() REPRESENTATION_CONTEXT('2D SPACE',''
  ) );
#1114 = PCURVE('',#1115,#1120);
#1115 = CYLINDRICAL_SURFACE('',#1116,2.25);
#1116 = AXIS2_PLACEMENT_3D('',#1117,#1118,#1119);
#1117 = CARTESIAN_POINT('',(-40.,0.,28.));
#1118 = DIRECTION('',(-1.,-0.,-0.));
#1119 = DIRECTION('',(0.,1.,0.));
#1120 = DEFINITIONAL_REPRESENTATION('',(#1121),#1213);
#1121 = B_SPLINE_CURVE_WITH_KNOTS('',3,(#1122,#1123,#1124,#1125,#1126,
    #1127,#1128,#1129,#1130,#1131,#1132,#1133,#1134,#1135,#1136,#1137,
    #1138,#1139,#1140,#1141,#1142,#1143,#1144,#1145,#1146,#1147,#1148,
    #1149,#1150,#1151,#1152,#1153,#1154,#1155,#1156,#1157,#1158,#1159,
    #1160,#1161,#1162,#1163,#1164,#1165,#1166,#1167,#1168,#1169,#1170,
    #1171,#1172,#1173,#1174,#1175,#1176,#1177,#1178,#1179,#1180,#1181,
    #1182,#1183,#1184,#1185,#1186,#1187,#1188,#1189,#1190,#1191,#1192,
    #1193,#1194,#1195,#1196,#1197,#1198,#1199,#1200,#1201,#1202,#1203,
    #1204,#1205,#1206,#1207,#1208,#1209,#1210,#1211,#1212),
  .UNSPECIFIED.,.F.,.F.,(4,1,1,1,1,1,1,1,1,1,1,1,1,1,1,1,1,1,1,1,1,1,1,1
    ,1,1,1,1,1,1,1,1,1,1,1,1,1,1,1,1,1,1,1,1,1,1,1,1,1,1,1,1,1,1,1,1,1,1
    ,1,1,1,1,1,1,1,1,1,1,1,1,1,1,1,1,1,1,1,1,1,1,1,1,1,1,1,1,1,1,4),(0.,
    4.536623713271E-02,9.073247426542E-02,0.136098711398,0.181464948531,
    0.226831185664,0.272197422796,0.317563659929,0.362929897062,
    0.408296134194,0.453662371327,0.49902860846,0.544394845593,
    0.589761082725,0.635127319858,0.680493556991,0.725859794123,
    0.771226031256,0.816592268389,0.861958505521,0.907324742654,
    0.952690979787,0.99805721692,1.043423454052,1.088789691185,
    1.134155928318,1.17952216545,1.224888402583,1.270254639716,
    1.315620876849,1.360987113981,1.406353351114,1.451719588247,
    1.497085825379,1.542452062512,1.587818299645,1.633184536778,
    1.67855077391,1.723917011043,1.769283248176,1.814649485308,
    1.860015722441,1.905381959574,1.950748196707,1.996114433839,
    2.041480670972,2.086846908105,2.132213145237,2.17757938237,
    2.222945619503,2.268311856635,2.313678093768,2.359044330901,
    2.404410568034,2.449776805166,2.495143042299,2.540509279432,
    2.585875516564,2.631241753697,2.67660799083,2.721974227963,
    2.767340465095,2.812706702228,2.858072939361,2.903439176493,
    2.948805413626,2.994171650759,3.039537887892,3.084904125024,
    3.130270362157,3.17563659929,3.221002836422,3.266369073555,
    3.311735310688,3.357101547821,3.402467784953,3.447834022086,
    3.493200259219,3.538566496351,3.583932733484,3.629298970617,
    3.674665207749,3.720031444882,3.765397682015,3.810763919148,
    3.85613015628,3.901496393413,3.946862630546,3.992228867678),
  .QUASI_UNIFORM_KNOTS.);
#1122 = CARTESIAN_POINT('',(-6.28318530718,-74.92760369679));
#1123 = CARTESIAN_POINT('',(-6.262518432783,-74.92760332943));
#1124 = CARTESIAN_POINT('',(-6.221194986532,-74.92778970268));
#1125 = CARTESIAN_POINT('',(-6.159120690452,-74.92862280838));
#1126 = CARTESIAN_POINT('',(-6.096836099928,-74.93000348135));
#1127 = CARTESIAN_POINT('',(-6.034224014154,-74.93191944479));
#1128 = CARTESIAN_POINT('',(-5.971168181531,-74.93435377732));
#1129 = CARTESIAN_POINT('',(-5.907552692354,-74.93728381024));
#1130 = CARTESIAN_POINT('',(-5.8432605665,-74.94068066487));
#1131 = CARTESIAN_POINT('',(-5.778173559106,-74.94450844982));
#1132 = CARTESIAN_POINT('',(-5.712167913353,-74.94872374139));
#1133 = CARTESIAN_POINT('',(-5.645124637094,-74.95327393311));
#1134 = CARTESIAN_POINT('',(-5.576884689589,-74.95809958576));
#1135 = CARTESIAN_POINT('',(-5.507408284887,-74.9631217654));
#1136 = CARTESIAN_POINT('',(-5.436170341327,-74.96828538658));
#1137 = CARTESIAN_POINT('',(-5.362566802592,-74.97352569876));
#1138 = CARTESIAN_POINT('',(-5.28705233273,-74.97868389748));
#1139 = CARTESIAN_POINT('',(-5.209761917771,-74.98361303031));
#1140 = CARTESIAN_POINT('',(-5.130873732528,-74.98815730979));
#1141 = CARTESIAN_POINT('',(-5.050514896098,-74.99216474363));
#1142 = CARTESIAN_POINT('',(-4.968801565118,-74.99549097524));
#1143 = CARTESIAN_POINT('',(-4.885795024025,-74.99800549523));
#1144 = CARTESIAN_POINT('',(-4.801655688713,-74.99959665874));
#1145 = CARTESIAN_POINT('',(-4.716085883341,-75.0001775786));
#1146 = CARTESIAN_POINT('',(-4.630416379661,-74.99968714944));
#1147 = CARTESIAN_POINT('',(-4.546373454765,-74.99818370628));
#1148 = CARTESIAN_POINT('',(-4.463509235484,-74.99575536072));
#1149 = CARTESIAN_POINT('',(-4.381977139094,-74.99251155279));
#1150 = CARTESIAN_POINT('',(-4.301792801329,-74.98857946804));
#1151 = CARTESIAN_POINT('',(-4.223033242647,-74.98409871825));
#1152 = CARTESIAN_POINT('',(-4.145787668169,-74.97921643145));
#1153 = CARTESIAN_POINT('',(-4.070166820818,-74.97408154614));
#1154 = CARTESIAN_POINT('',(-3.996329861326,-74.96884176694));
#1155 = CARTESIAN_POINT('',(-3.92438593847,-74.96363134061));
#1156 = CARTESIAN_POINT('',(-3.854782713703,-74.95859434212));
#1157 = CARTESIAN_POINT('',(-3.786820650156,-74.95377341083));
#1158 = CARTESIAN_POINT('',(-3.719955477939,-74.94921086279));
#1159 = CARTESIAN_POINT('',(-3.654161822264,-74.94497590964));
#1160 = CARTESIAN_POINT('',(-3.589284384743,-74.94111868469));
#1161 = CARTESIAN_POINT('',(-3.52520949157,-74.9376835888));
#1162 = CARTESIAN_POINT('',(-3.461817289475,-74.93470670514));
#1163 = CARTESIAN_POINT('',(-3.398992977231,-74.9322174292));
#1164 = CARTESIAN_POINT('',(-3.336622576595,-74.93023890048));
#1165 = CARTESIAN_POINT('',(-3.274592250808,-74.92878866505));
#1166 = CARTESIAN_POINT('',(-3.212789126928,-74.92787918713));
#1167 = CARTESIAN_POINT('',(-3.151092362753,-74.92751822878));
#1168 = CARTESIAN_POINT('',(-3.089401192179,-74.92770932475));
#1169 = CARTESIAN_POINT('',(-3.027646685415,-74.92845048964));
#1170 = CARTESIAN_POINT('',(-2.965698865418,-74.92973525785));
#1171 = CARTESIAN_POINT('',(-2.903446266383,-74.93155266999));
#1172 = CARTESIAN_POINT('',(-2.840774167982,-74.93388681022));
#1173 = CARTESIAN_POINT('',(-2.777569060559,-74.93671632936));
#1174 = CARTESIAN_POINT('',(-2.713716109981,-74.94001386148));
#1175 = CARTESIAN_POINT('',(-2.649098703837,-74.94374535481));
#1176 = CARTESIAN_POINT('',(-2.583596581095,-74.94786940724));
#1177 = CARTESIAN_POINT('',(-2.517086974323,-74.95233630637));
#1178 = CARTESIAN_POINT('',(-2.449433986483,-74.95708796524));
#1179 = CARTESIAN_POINT('',(-2.380520250683,-74.96205437099));
#1180 = CARTESIAN_POINT('',(-2.309246481645,-74.96722607051));
#1181 = CARTESIAN_POINT('',(-2.236024695134,-74.97246747325));
#1182 = CARTESIAN_POINT('',(-2.160981023314,-74.97764723819));
#1183 = CARTESIAN_POINT('',(-2.084276834462,-74.98262034741));
#1184 = CARTESIAN_POINT('',(-2.00602755696,-74.98723867377));
#1185 = CARTESIAN_POINT('',(-1.926328189585,-74.99135432427));
#1186 = CARTESIAN_POINT('',(-1.845251226941,-74.99482509335));
#1187 = CARTESIAN_POINT('',(-1.762844970608,-74.9975196468));
#1188 = CARTESIAN_POINT('',(-1.679154562896,-74.99932185841));
#1189 = CARTESIAN_POINT('',(-1.594148437764,-75.00013822918));
#1190 = CARTESIAN_POINT('',(-1.507997125895,-74.99989248727));
#1191 = CARTESIAN_POINT('',(-1.422557029879,-74.99858943049));
#1192 = CARTESIAN_POINT('',(-1.337884717952,-74.99629980431));
#1193 = CARTESIAN_POINT('',(-1.254445009084,-74.99313297801));
#1194 = CARTESIAN_POINT('',(-1.172670850158,-74.98923830158));
#1195 = CARTESIAN_POINT('',(-1.092902694839,-74.98478600108));
#1196 = CARTESIAN_POINT('',(-1.014974123131,-74.97992302496));
#1197 = CARTESIAN_POINT('',(-0.938813894503,-74.97479351538));
#1198 = CARTESIAN_POINT('',(-0.864350272876,-74.96953283862));
#1199 = CARTESIAN_POINT('',(-0.791521444945,-74.96426540811));
#1200 = CARTESIAN_POINT('',(-0.7203195605,-74.95910656254));
#1201 = CARTESIAN_POINT('',(-0.650598883658,-74.95414737276));
#1202 = CARTESIAN_POINT('',(-0.582106430523,-74.94945816481));
#1203 = CARTESIAN_POINT('',(-0.514725644839,-74.94510740735));
#1204 = CARTESIAN_POINT('',(-0.448313588985,-74.94115097471));
#1205 = CARTESIAN_POINT('',(-0.382741955857,-74.93763617766));
#1206 = CARTESIAN_POINT('',(-0.317883995126,-74.93460179959));
#1207 = CARTESIAN_POINT('',(-0.253616278704,-74.93207912841));
#1208 = CARTESIAN_POINT('',(-0.189816730337,-74.93009269289));
#1209 = CARTESIAN_POINT('',(-0.126363603068,-74.92866078547));
#1210 = CARTESIAN_POINT('',(-6.31346506584E-02,-74.92779664186));
#1211 = CARTESIAN_POINT('',(-2.104776930287E-02,-74.92760329533));
#1212 = CARTESIAN_POINT('',(8.881784197001E-16,-74.92760369679));
#1213 = ( GEOMETRIC_REPRESENTATION_CONTEXT(2) 
PARAMETRIC_REPRESENTATION_CONTEXT() REPRESENTATION_CONTEXT('2D SPACE',''
  ) );
#1214 = FACE_BOUND('',#1215,.F.);
#1215 = EDGE_LOOP('',(#1216));
#1216 = ORIENTED_EDGE('',*,*,#1217,.F.);
#1217 = EDGE_CURVE('',#1218,#1218,#1220,.T.);
#1218 = VERTEX_POINT('',#1219);
#1219 = CARTESIAN_POINT('',(-34.92760369679,2.25,28.));
#1220 = SURFACE_CURVE('',#1221,(#1278,#1338),.PCURVE_S1.);
#1221 = B_SPLINE_CURVE_WITH_KNOTS('',7,(#1222,#1223,#1224,#1225,#1226,
    #1227,#1228,#1229,#1230,#1231,#1232,#1233,#1234,#1235,#1236,#1237,
    #1238,#1239,#1240,#1241,#1242,#1243,#1244,#1245,#1246,#1247,#1248,
    #1249,#1250,#1251,#1252,#1253,#1254,#1255,#1256,#1257,#1258,#1259,
    #1260,#1261,#1262,#1263,#1264,#1265,#1266,#1267,#1268,#1269,#1270,
    #1271,#1272,#1273,#1274,#1275,#1276,#1277),.UNSPECIFIED.,.T.,.F.,(8,
    6,6,6,6,6,6,6,6,8),(0.,0.12705154628,0.216189259849,0.301441390998,
    0.432417756856,0.596680894679,0.727989421989,0.784622994358,
    0.899418806477,1.),.UNSPECIFIED.);
#1222 = CARTESIAN_POINT('',(-34.92760369679,2.25,28.));
#1223 = CARTESIAN_POINT('',(-34.92760369679,2.25,28.223835669287));
#1224 = CARTESIAN_POINT('',(-34.92927718686,2.224021536367,
    28.447481092594));
#1225 = CARTESIAN_POINT('',(-34.93261941976,2.172140040305,
    28.669195128769));
#1226 = CARTESIAN_POINT('',(-34.93754536787,2.093771984726,
    28.887055518413));
#1227 = CARTESIAN_POINT('',(-34.94388256956,1.987843196703,
    29.098623699339));
#1228 = CARTESIAN_POINT('',(-34.95130710049,1.852968651336,
    29.30054781723));
#1229 = CARTESIAN_POINT('',(-34.96487957541,1.571834582774,
    29.619431823304));
#1230 = CARTESIAN_POINT('',(-34.97078380091,1.44022744741,
    29.744620638203));
#1231 = CARTESIAN_POINT('',(-34.9767802706,1.292869477037,
    29.860789367197));
#1232 = CARTESIAN_POINT('',(-34.98258769872,1.130113758286,
    29.965176717548));
#1233 = CARTESIAN_POINT('',(-34.98787391336,0.952736017369,
    30.054980567699));
#1234 = CARTESIAN_POINT('',(-34.99229040248,0.761967792042,
    30.127340633687));
#1235 = CARTESIAN_POINT('',(-34.99862226785,0.365960151637,
    30.229018114115));
#1236 = CARTESIAN_POINT('',(-35.00061599015,0.163112491861,
    30.259714438202));
#1237 = CARTESIAN_POINT('',(-35.00122315082,-4.461821155905E-02,
    30.268646638758));
#1238 = CARTESIAN_POINT('',(-35.00030501534,-0.25234789967,
    30.254796186714));
#1239 = CARTESIAN_POINT('',(-34.99795104665,-0.455124990718,
    30.218858946174));
#1240 = CARTESIAN_POINT('',(-34.99445683819,-0.648365639784,
    30.163230324068));
#1241 = CARTESIAN_POINT('',(-34.98365481749,-1.104690471032,
    29.982558542266));
#1242 = CARTESIAN_POINT('',(-34.97530300362,-1.349825792456,
    29.836216672936));
#1243 = CARTESIAN_POINT('',(-34.96622251147,-1.561877546103,
    29.662922169954));
#1244 = CARTESIAN_POINT('',(-34.95736710011,-1.741000431835,
    29.470185474325));
#1245 = CARTESIAN_POINT('',(-34.94937267391,-1.888170782105,
    29.263904538035));
#1246 = CARTESIAN_POINT('',(-34.94264969543,-2.00471392673,
    29.048732357508));
#1247 = CARTESIAN_POINT('',(-34.93086869346,-2.201462695821,
    28.551801691531));
#1248 = CARTESIAN_POINT('',(-34.92663707307,-2.265427179832,
    28.265698382277));
#1249 = CARTESIAN_POINT('',(-34.92518014496,-2.286371520493,
    27.975465340996));
#1250 = CARTESIAN_POINT('',(-34.92662077362,-2.265148372922,
    27.684818789514));
#1251 = CARTESIAN_POINT('',(-34.93090298779,-2.201200091787,
    27.397608158267));
#1252 = CARTESIAN_POINT('',(-34.93773285914,-2.092661171369,
    27.11842422318));
#1253 = CARTESIAN_POINT('',(-34.95328811957,-1.811973119832,
    26.64380664795));
#1254 = CARTESIAN_POINT('',(-34.96146433993,-1.655040035445,
    26.439570078059));
#1255 = CARTESIAN_POINT('',(-34.97050809461,-1.464326387156,
    26.248972876669));
#1256 = CARTESIAN_POINT('',(-34.97971139964,-1.239773164607,
    26.07959401157));
#1257 = CARTESIAN_POINT('',(-34.9880768753,-0.982804264015,
    25.939540346205));
#1258 = CARTESIAN_POINT('',(-34.99443886196,-0.696548115249,
    25.837556652155));
#1259 = CARTESIAN_POINT('',(-34.9993386067,-0.253263088227,
    25.760191030046));
#1260 = CARTESIAN_POINT('',(-35.00025316026,-0.116704186735,
    25.746035507476));
#1261 = CARTESIAN_POINT('',(-35.00054226948,2.140525595687E-02,
    25.741637263926));
#1262 = CARTESIAN_POINT('',(-35.00017823836,0.159562964424,
    25.747224415423));
#1263 = CARTESIAN_POINT('',(-34.99917736207,0.296258385193,
    25.762657596889));
#1264 = CARTESIAN_POINT('',(-34.99759775832,0.430035045473,
    25.787433522417));
#1265 = CARTESIAN_POINT('',(-34.99132921163,0.822082607704,
    25.888094227587));
#1266 = CARTESIAN_POINT('',(-34.98516278549,1.064002277322,
    25.989537059672));
#1267 = CARTESIAN_POINT('',(-34.97772577882,1.282208940531,
    26.118217865839));
#1268 = CARTESIAN_POINT('',(-34.96977774144,1.47511294894,
    26.268192024404));
#1269 = CARTESIAN_POINT('',(-34.96195599439,1.642097624615,26.4340809557
    ));
#1270 = CARTESIAN_POINT('',(-34.95473218512,1.7833360001,26.610969773186
    ));
#1271 = CARTESIAN_POINT('',(-34.94286085393,2.001726180236,
    26.955097632174));
#1272 = CARTESIAN_POINT('',(-34.93795924859,2.085490857658,
    27.122147014523));
#1273 = CARTESIAN_POINT('',(-34.93388708021,2.151710028791,
    27.293688081431));
#1274 = CARTESIAN_POINT('',(-34.93076301694,2.200955376642,
    27.468301388702));
#1275 = CARTESIAN_POINT('',(-34.92865728486,2.233645226491,
    27.644860789005));
#1276 = CARTESIAN_POINT('',(-34.92760369679,2.25,27.822402460507));
#1277 = CARTESIAN_POINT('',(-34.92760369679,2.25,28.));
#1278 = PCURVE('',#852,#1279);
#1279 = DEFINITIONAL_REPRESENTATION('',(#1280),#1337);
#1280 = B_SPLINE_CURVE_WITH_KNOTS('',7,(#1281,#1282,#1283,#1284,#1285,
    #1286,#1287,#1288,#1289,#1290,#1291,#1292,#1293,#1294,#1295,#1296,
    #1297,#1298,#1299,#1300,#1301,#1302,#1303,#1304,#1305,#1306,#1307,
    #1308,#1309,#1310,#1311,#1312,#1313,#1314,#1315,#1316,#1317,#1318,
    #1319,#1320,#1321,#1322,#1323,#1324,#1325,#1326,#1327,#1328,#1329,
    #1330,#1331,#1332,#1333,#1334,#1335,#1336),.UNSPECIFIED.,.F.,.F.,(8,
    6,6,6,6,6,6,6,6,8),(0.,0.12705154628,0.216189259849,0.301441390998,
    0.432417756856,0.596680894679,0.727989421989,0.784622994358,
    0.899418806477,1.),.UNSPECIFIED.);
#1281 = CARTESIAN_POINT('',(-3.077262578331,-20.));
#1282 = CARTESIAN_POINT('',(-3.077262578331,-20.22383566928));
#1283 = CARTESIAN_POINT('',(-3.078006358545,-20.44748109259));
#1284 = CARTESIAN_POINT('',(-3.079491759997,-20.66919512876));
#1285 = CARTESIAN_POINT('',(-3.081735262393,-20.88705551841));
#1286 = CARTESIAN_POINT('',(-3.084767181634,-21.09862369933));
#1287 = CARTESIAN_POINT('',(-3.088626486345,-21.30054781723));
#1288 = CARTESIAN_POINT('',(-3.096668243518,-21.6194318233));
#1289 = CARTESIAN_POINT('',(-3.100432206908,-21.7446206382));
#1290 = CARTESIAN_POINT('',(-3.104645860347,-21.86078936719));
#1291 = CARTESIAN_POINT('',(-3.109298863146,-21.96517671754));
#1292 = CARTESIAN_POINT('',(-3.114368884153,-22.05498056769));
#1293 = CARTESIAN_POINT('',(-3.119820724916,-22.12734063368));
#1294 = CARTESIAN_POINT('',(-3.131136675146,-22.22901811411));
#1295 = CARTESIAN_POINT('',(-3.136932495108,-22.2597144382));
#1296 = CARTESIAN_POINT('',(-3.142867443746,-22.26864663875));
#1297 = CARTESIAN_POINT('',(-3.148802362565,-22.25479618671));
#1298 = CARTESIAN_POINT('',(-3.154596174838,-22.21885894617));
#1299 = CARTESIAN_POINT('',(-3.160118155592,-22.16323032406));
#1300 = CARTESIAN_POINT('',(-3.173159660302,-21.98255854226));
#1301 = CARTESIAN_POINT('',(-3.180167211373,-21.83621667293));
#1302 = CARTESIAN_POINT('',(-3.186231085772,-21.66292216995));
#1303 = CARTESIAN_POINT('',(-3.191355019178,-21.47018547432));
#1304 = CARTESIAN_POINT('',(-3.195566042264,-21.26390453803));
#1305 = CARTESIAN_POINT('',(-3.198901375009,-21.0487323575));
#1306 = CARTESIAN_POINT('',(-3.204532836931,-20.55180169153));
#1307 = CARTESIAN_POINT('',(-3.206364353519,-20.26569838227));
#1308 = CARTESIAN_POINT('',(-3.20696422704,-19.97546534099));
#1309 = CARTESIAN_POINT('',(-3.206356451824,-19.68481878951));
#1310 = CARTESIAN_POINT('',(-3.204525246449,-19.39760815826));
#1311 = CARTESIAN_POINT('',(-3.201418087021,-19.11842422318));
#1312 = CARTESIAN_POINT('',(-3.193386122898,-18.64380664795));
#1313 = CARTESIAN_POINT('',(-3.188896262895,-18.43957007805));
#1314 = CARTESIAN_POINT('',(-3.183441282241,-18.24897287666));
#1315 = CARTESIAN_POINT('',(-3.177020347501,-18.07959401157));
#1316 = CARTESIAN_POINT('',(-3.169675049724,-17.9395403462));
#1317 = CARTESIAN_POINT('',(-3.161494793886,-17.83755665215));
#1318 = CARTESIAN_POINT('',(-3.148828733735,-17.76019103004));
#1319 = CARTESIAN_POINT('',(-3.144927000132,-17.74603550747));
#1320 = CARTESIAN_POINT('',(-3.140981075664,-17.74163726392));
#1321 = CARTESIAN_POINT('',(-3.137033777044,-17.74722441542));
#1322 = CARTESIAN_POINT('',(-3.133128153446,-17.76265759688));
#1323 = CARTESIAN_POINT('',(-3.129305729892,-17.78743352241));
#1324 = CARTESIAN_POINT('',(-3.118102939215,-17.88809422758));
#1325 = CARTESIAN_POINT('',(-3.111189015677,-17.98953705967));
#1326 = CARTESIAN_POINT('',(-3.104951247924,-18.11821786583));
#1327 = CARTESIAN_POINT('',(-3.099435201764,-18.2681920244));
#1328 = CARTESIAN_POINT('',(-3.094659055704,-18.4340809557));
#1329 = CARTESIAN_POINT('',(-3.090618419219,-18.61096977318));
#1330 = CARTESIAN_POINT('',(-3.084369487929,-18.95509763217));
#1331 = CARTESIAN_POINT('',(-3.081972137838,-19.12214701452));
#1332 = CARTESIAN_POINT('',(-3.080076595547,-19.29368808143));
#1333 = CARTESIAN_POINT('',(-3.078666757289,-19.4683013887));
#1334 = CARTESIAN_POINT('',(-3.07773082632,-19.644860789));
#1335 = CARTESIAN_POINT('',(-3.077262578331,-19.8224024605));
#1336 = CARTESIAN_POINT('',(-3.077262578331,-20.));
#1337 = ( GEOMETRIC_REPRESENTATION_CONTEXT(2) 
PARAMETRIC_REPRESENTATION_CONTEXT() REPRESENTATION_CONTEXT('2D SPACE',''
  ) );
#1338 = PCURVE('',#1339,#1344);
#1339 = CYLINDRICAL_SURFACE('',#1340,2.25);
#1340 = AXIS2_PLACEMENT_3D('',#1341,#1342,#1343);
#1341 = CARTESIAN_POINT('',(-40.,0.,28.));
#1342 = DIRECTION('',(-1.,-0.,-0.));
#1343 = DIRECTION('',(0.,1.,0.));
#1344 = DEFINITIONAL_REPRESENTATION('',(#1345),#1402);
#1345 = B_SPLINE_CURVE_WITH_KNOTS('',7,(#1346,#1347,#1348,#1349,#1350,
    #1351,#1352,#1353,#1354,#1355,#1356,#1357,#1358,#1359,#1360,#1361,
    #1362,#1363,#1364,#1365,#1366,#1367,#1368,#1369,#1370,#1371,#1372,
    #1373,#1374,#1375,#1376,#1377,#1378,#1379,#1380,#1381,#1382,#1383,
    #1384,#1385,#1386,#1387,#1388,#1389,#1390,#1391,#1392,#1393,#1394,
    #1395,#1396,#1397,#1398,#1399,#1400,#1401),.UNSPECIFIED.,.F.,.F.,(8,
    6,6,6,6,6,6,6,6,8),(0.,0.12705154628,0.216189259849,0.301441390998,
    0.432417756856,0.596680894679,0.727989421989,0.784622994358,
    0.899418806477,1.),.UNSPECIFIED.);
#1346 = CARTESIAN_POINT('',(0.,-5.07239630321));
#1347 = CARTESIAN_POINT('',(-9.948251968306E-02,-5.07239630321));
#1348 = CARTESIAN_POINT('',(-0.198880302553,-5.070722813137));
#1349 = CARTESIAN_POINT('',(-0.29902882411,-5.067380580232));
#1350 = CARTESIAN_POINT('',(-0.400666052378,-5.062454632121));
#1351 = CARTESIAN_POINT('',(-0.504568628271,-5.056117430438));
#1352 = CARTESIAN_POINT('',(-0.611528603253,-5.048692899505));
#1353 = CARTESIAN_POINT('',(-0.80046892244,-5.035120424586));
#1354 = CARTESIAN_POINT('',(-0.880886505192,-5.029216199084));
#1355 = CARTESIAN_POINT('',(-0.963697318591,-5.023219729392));
#1356 = CARTESIAN_POINT('',(-1.048876746765,-5.017412301274));
#1357 = CARTESIAN_POINT('',(-1.13646812404,-5.012126086638));
#1358 = CARTESIAN_POINT('',(-1.226588438711,-5.007709597515));
#1359 = CARTESIAN_POINT('',(-1.40830065796,-5.001377732146));
#1360 = CARTESIAN_POINT('',(-1.499015351587,-4.999384009847));
#1361 = CARTESIAN_POINT('',(-1.590572843259,-4.998776849177));
#1362 = CARTESIAN_POINT('',(-1.682117321172,-4.999694984656));
#1363 = CARTESIAN_POINT('',(-1.772831359122,-5.002048953346));
#1364 = CARTESIAN_POINT('',(-1.861786081105,-5.005543161809));
#1365 = CARTESIAN_POINT('',(-2.079914888607,-5.016345182507));
#1366 = CARTESIAN_POINT('',(-2.205156890095,-5.024696996372));
#1367 = CARTESIAN_POINT('',(-2.324900342229,-5.03377748853));
#1368 = CARTESIAN_POINT('',(-2.440003581677,-5.042632899882));
#1369 = CARTESIAN_POINT('',(-2.551239253722,-5.050627326084));
#1370 = CARTESIAN_POINT('',(-2.659222749176,-5.057350304561));
#1371 = CARTESIAN_POINT('',(-2.896761638489,-5.069131306534));
#1372 = CARTESIAN_POINT('',(-3.025454634727,-5.073362926921));
#1373 = CARTESIAN_POINT('',(-3.152584830453,-5.074819855033));
#1374 = CARTESIAN_POINT('',(-3.279643681662,-5.073379226376));
#1375 = CARTESIAN_POINT('',(-3.408108369888,-5.069097012201));
#1376 = CARTESIAN_POINT('',(-3.539467011695,-5.062267140857));
#1377 = CARTESIAN_POINT('',(-3.784535961425,-5.046711880426));
#1378 = CARTESIAN_POINT('',(-3.898171016578,-5.03853566007));
#1379 = CARTESIAN_POINT('',(-4.016342727169,-5.029491905387));
#1380 = CARTESIAN_POINT('',(-4.139087442587,-5.020288600351));
#1381 = CARTESIAN_POINT('',(-4.266748871693,-5.011923124691));
#1382 = CARTESIAN_POINT('',(-4.399872893216,-5.005561138032));
#1383 = CARTESIAN_POINT('',(-4.599866500357,-5.000661393299));
#1384 = CARTESIAN_POINT('',(-4.660737231708,-4.999746839738));
#1385 = CARTESIAN_POINT('',(-4.721898836738,-4.999457730516));
#1386 = CARTESIAN_POINT('',(-4.783065723789,-4.999821761633));
#1387 = CARTESIAN_POINT('',(-4.843959283842,-5.000822637929));
#1388 = CARTESIAN_POINT('',(-4.904286079821,-5.002402241675));
#1389 = CARTESIAN_POINT('',(-5.084181176065,-5.008670788362));
#1390 = CARTESIAN_POINT('',(-5.199535714943,-5.01483721451));
#1391 = CARTESIAN_POINT('',(-5.310546291494,-5.022274221179));
#1392 = CARTESIAN_POINT('',(-5.417645780193,-5.030222258558));
#1393 = CARTESIAN_POINT('',(-5.521134791143,-5.038044005605));
#1394 = CARTESIAN_POINT('',(-5.621148497729,-5.04526781488));
#1395 = CARTESIAN_POINT('',(-5.802293418424,-5.057139146065));
#1396 = CARTESIAN_POINT('',(-5.884928395244,-5.062040751406));
#1397 = CARTESIAN_POINT('',(-5.966057496096,-5.066112919784));
#1398 = CARTESIAN_POINT('',(-6.046072475943,-5.069236983051));
#1399 = CARTESIAN_POINT('',(-6.125345307618,-5.071342715134));
#1400 = CARTESIAN_POINT('',(-6.204253067405,-5.07239630321));
#1401 = CARTESIAN_POINT('',(-6.28318530718,-5.07239630321));
#1402 = ( GEOMETRIC_REPRESENTATION_CONTEXT(2) 
PARAMETRIC_REPRESENTATION_CONTEXT() REPRESENTATION_CONTEXT('2D SPACE',''
  ) );
#1403 = ADVANCED_FACE('',(#1404),#1339,.F.);
#1404 = FACE_BOUND('',#1405,.T.);
#1405 = EDGE_LOOP('',(#1406,#1407,#1430,#1628));
#1406 = ORIENTED_EDGE('',*,*,#1217,.F.);
#1407 = ORIENTED_EDGE('',*,*,#1408,.T.);
#1408 = EDGE_CURVE('',#1218,#1409,#1411,.T.);
#1409 = VERTEX_POINT('',#1410);
#1410 = CARTESIAN_POINT('',(-25.90246127301,2.25,28.));
#1411 = SEAM_CURVE('',#1412,(#1416,#1423),.PCURVE_S1.);
#1412 = LINE('',#1413,#1414);
#1413 = CARTESIAN_POINT('',(-40.,2.25,28.));
#1414 = VECTOR('',#1415,1.);
#1415 = DIRECTION('',(1.,0.,0.));
#1416 = PCURVE('',#1339,#1417);
#1417 = DEFINITIONAL_REPRESENTATION('',(#1418),#1422);
#1418 = LINE('',#1419,#1420);
#1419 = CARTESIAN_POINT('',(-6.28318530718,0.));
#1420 = VECTOR('',#1421,1.);
#1421 = DIRECTION('',(-0.,-1.));
#1422 = ( GEOMETRIC_REPRESENTATION_CONTEXT(2) 
PARAMETRIC_REPRESENTATION_CONTEXT() REPRESENTATION_CONTEXT('2D SPACE',''
  ) );
#1423 = PCURVE('',#1339,#1424);
#1424 = DEFINITIONAL_REPRESENTATION('',(#1425),#1429);
#1425 = LINE('',#1426,#1427);
#1426 = CARTESIAN_POINT('',(-0.,0.));
#1427 = VECTOR('',#1428,1.);
#1428 = DIRECTION('',(-0.,-1.));
#1429 = ( GEOMETRIC_REPRESENTATION_CONTEXT(2) 
PARAMETRIC_REPRESENTATION_CONTEXT() REPRESENTATION_CONTEXT('2D SPACE',''
  ) );
#1430 = ORIENTED_EDGE('',*,*,#1431,.T.);
#1431 = EDGE_CURVE('',#1409,#1409,#1432,.T.);
#1432 = SURFACE_CURVE('',#1433,(#1496,#1562),.PCURVE_S1.);
#1433 = B_SPLINE_CURVE_WITH_KNOTS('',7,(#1434,#1435,#1436,#1437,#1438,
    #1439,#1440,#1441,#1442,#1443,#1444,#1445,#1446,#1447,#1448,#1449,
    #1450,#1451,#1452,#1453,#1454,#1455,#1456,#1457,#1458,#1459,#1460,
    #1461,#1462,#1463,#1464,#1465,#1466,#1467,#1468,#1469,#1470,#1471,
    #1472,#1473,#1474,#1475,#1476,#1477,#1478,#1479,#1480,#1481,#1482,
    #1483,#1484,#1485,#1486,#1487,#1488,#1489,#1490,#1491,#1492,#1493,
    #1494,#1495),.UNSPECIFIED.,.T.,.F.,(8,6,6,6,6,6,6,6,6,6,8),(0.,
    0.127528301455,0.217033909354,0.302618368641,0.406435936967,
    0.502427418441,0.6302259144,0.753077118078,0.786205254117,
    0.900181440395,1.),.UNSPECIFIED.);
#1434 = CARTESIAN_POINT('',(-25.90246127301,2.25,28.));
#1435 = CARTESIAN_POINT('',(-25.90246127301,2.25,28.223886042481));
#1436 = CARTESIAN_POINT('',(-25.90471887085,2.224009839249,
    28.447580815457));
#1437 = CARTESIAN_POINT('',(-25.9092276182,2.172105414522,
    28.669329057104));
#1438 = CARTESIAN_POINT('',(-25.91587141414,2.093711984822,28.8871966794
    ));
#1439 = CARTESIAN_POINT('',(-25.92441497632,1.987770284877,
    29.098740382393));
#1440 = CARTESIAN_POINT('',(-25.93441947533,1.852911272687,
    29.300612900531));
#1441 = CARTESIAN_POINT('',(-25.95270389445,1.571831570908,
    29.619435239595));
#1442 = CARTESIAN_POINT('',(-25.96065780014,1.440231263679,
    29.744615050649));
#1443 = CARTESIAN_POINT('',(-25.96873427026,1.292887741054,
    29.860772664423));
#1444 = CARTESIAN_POINT('',(-25.9765548769,1.13014834935,29.965154097799
    ));
#1445 = CARTESIAN_POINT('',(-25.98367304691,0.952780129591,
    30.054960878075));
#1446 = CARTESIAN_POINT('',(-25.98962015059,0.7620040328,30.127331328642
    ));
#1447 = CARTESIAN_POINT('',(-25.99814527588,0.365969663967,
    30.229015671764));
#1448 = CARTESIAN_POINT('',(-26.00082942676,0.163112629366,
    30.259716501518));
#1449 = CARTESIAN_POINT('',(-26.00164674013,-4.463613965397E-02,
    30.268649924006));
#1450 = CARTESIAN_POINT('',(-26.00041051321,-0.252384023911,
    30.254795101207));
#1451 = CARTESIAN_POINT('',(-25.99724116055,-0.455170988327,
    30.218849535504));
#1452 = CARTESIAN_POINT('',(-25.99253664665,-0.648403552067,
    30.163215313533));
#1453 = CARTESIAN_POINT('',(-25.97984876716,-1.046478276958,
    30.005606380354));
#1454 = CARTESIAN_POINT('',(-25.97136398289,-1.245553282526,
    29.896073715191));
#1455 = CARTESIAN_POINT('',(-25.96205796236,-1.424374092502,
    29.768208123027));
#1456 = CARTESIAN_POINT('',(-25.95259178997,-1.582611039801,
    29.626014485178));
#1457 = CARTESIAN_POINT('',(-25.94348625586,-1.720402932854,
    29.472913057404));
#1458 = CARTESIAN_POINT('',(-25.93512631947,-1.838198427058,
    29.311848779287));
#1459 = CARTESIAN_POINT('',(-25.92097022071,-2.027717638254,
    28.991389294157));
#1460 = CARTESIAN_POINT('',(-25.91500110249,-2.10260900356,
    28.832168410556));
#1461 = CARTESIAN_POINT('',(-25.91006203646,-2.161892770675,
    28.669168934147));
#1462 = CARTESIAN_POINT('',(-25.90628104907,-2.206025105327,
    28.503557807736));
#1463 = CARTESIAN_POINT('',(-25.90373503452,-2.235336518122,
    28.33628170845));
#1464 = CARTESIAN_POINT('',(-25.90246127301,-2.25,28.168164364829));
#1465 = CARTESIAN_POINT('',(-25.90246127301,-2.25,27.776113957519));
#1466 = CARTESIAN_POINT('',(-25.90471887085,-2.224009839249,
    27.552419184543));
#1467 = CARTESIAN_POINT('',(-25.9092276182,-2.172105414522,
    27.330670942896));
#1468 = CARTESIAN_POINT('',(-25.91587141414,-2.093711984822,
    27.1128033206));
#1469 = CARTESIAN_POINT('',(-25.92441497632,-1.987770284876,
    26.901259617607));
#1470 = CARTESIAN_POINT('',(-25.93441947533,-1.852911272687,
    26.699387099469));
#1471 = CARTESIAN_POINT('',(-25.95549127339,-1.528982211759,
    26.331961702892));
#1472 = CARTESIAN_POINT('',(-25.96678289797,-1.337901789269,
    26.160415079755));
#1473 = CARTESIAN_POINT('',(-25.97818520704,-1.114829869815,
    26.007922509394));
#1474 = CARTESIAN_POINT('',(-25.98842669513,-0.862873637698,
    25.883690256783));
#1475 = CARTESIAN_POINT('',(-25.99606516346,-0.58738777584,
    25.795468527253));
#1476 = CARTESIAN_POINT('',(-26.000050578,-0.29545275109,25.749415541899
    ));
#1477 = CARTESIAN_POINT('',(-25.99998588455,8.528116769721E-02,
    25.750163112161));
#1478 = CARTESIAN_POINT('',(-25.99967875673,0.166112797365,
    25.753712477396));
#1479 = CARTESIAN_POINT('',(-25.99907862615,0.246614041491,
    25.760647606296));
#1480 = CARTESIAN_POINT('',(-25.99819255698,0.326491351341,
    25.770921881401));
#1481 = CARTESIAN_POINT('',(-25.99703375097,0.405457798269,
    25.784446958259));
#1482 = CARTESIAN_POINT('',(-25.99562100581,0.483234533203,
    25.80109282926));
#1483 = CARTESIAN_POINT('',(-25.98832606667,0.822120651825,
    25.888103995657));
#1484 = CARTESIAN_POINT('',(-25.98002275693,1.064037862328,
    25.989557589972));
#1485 = CARTESIAN_POINT('',(-25.97000857153,1.282220733835,
    26.118233885907));
#1486 = CARTESIAN_POINT('',(-25.95930448317,1.475099142012,
    26.268188904038));
#1487 = CARTESIAN_POINT('',(-25.94876743842,1.642070612485,
    26.434055016258));
#1488 = CARTESIAN_POINT('',(-25.93903266046,1.783314809951,
    26.610936382854));
#1489 = CARTESIAN_POINT('',(-25.92303323072,2.00169929278,
    26.955055264323));
#1490 = CARTESIAN_POINT('',(-25.91642655812,2.085457786563,
    27.122076404239));
#1491 = CARTESIAN_POINT('',(-25.91093599436,2.151683619319,
    27.293607089052));
#1492 = CARTESIAN_POINT('',(-25.90672268771,2.200940452767,
    27.468227242108));
#1493 = CARTESIAN_POINT('',(-25.90388239096,2.233640260544,
    27.644806736565));
#1494 = CARTESIAN_POINT('',(-25.90246127301,2.25,27.822375537261));
#1495 = CARTESIAN_POINT('',(-25.90246127301,2.25,28.));
#1496 = PCURVE('',#1339,#1497);
#1497 = DEFINITIONAL_REPRESENTATION('',(#1498),#1561);
#1498 = B_SPLINE_CURVE_WITH_KNOTS('',7,(#1499,#1500,#1501,#1502,#1503,
    #1504,#1505,#1506,#1507,#1508,#1509,#1510,#1511,#1512,#1513,#1514,
    #1515,#1516,#1517,#1518,#1519,#1520,#1521,#1522,#1523,#1524,#1525,
    #1526,#1527,#1528,#1529,#1530,#1531,#1532,#1533,#1534,#1535,#1536,
    #1537,#1538,#1539,#1540,#1541,#1542,#1543,#1544,#1545,#1546,#1547,
    #1548,#1549,#1550,#1551,#1552,#1553,#1554,#1555,#1556,#1557,#1558,
    #1559,#1560),.UNSPECIFIED.,.F.,.F.,(8,6,6,6,6,6,6,6,6,6,8),(0.,
    0.127528301455,0.217033909354,0.302618368641,0.406435936967,
    0.502427418441,0.6302259144,0.753077118078,0.786205254117,
    0.900181440395,1.),.UNSPECIFIED.);
#1499 = CARTESIAN_POINT('',(0.,-14.09753872698));
#1500 = CARTESIAN_POINT('',(-9.950490776945E-02,-14.09753872698));
#1501 = CARTESIAN_POINT('',(-0.198924625143,-14.09528112915));
#1502 = CARTESIAN_POINT('',(-0.29908942873,-14.09077238179));
#1503 = CARTESIAN_POINT('',(-0.400733071852,-14.08412858585));
#1504 = CARTESIAN_POINT('',(-0.504628959285,-14.07558502367));
#1505 = CARTESIAN_POINT('',(-0.611567165425,-14.06558052466));
#1506 = CARTESIAN_POINT('',(-0.800470946609,-14.04729610554));
#1507 = CARTESIAN_POINT('',(-0.880883526911,-14.03934219985));
#1508 = CARTESIAN_POINT('',(-0.963686428804,-14.03126572973));
#1509 = CARTESIAN_POINT('',(-1.048858671374,-14.0234451231));
#1510 = CARTESIAN_POINT('',(-1.136446951881,-14.01632695308));
#1511 = CARTESIAN_POINT('',(-1.226571809263,-14.0103798494));
#1512 = CARTESIAN_POINT('',(-1.408296293129,-14.00185472411));
#1513 = CARTESIAN_POINT('',(-1.499015502368,-13.99917057323));
#1514 = CARTESIAN_POINT('',(-1.590580804969,-13.99835325986));
#1515 = CARTESIAN_POINT('',(-1.68213303571,-13.99958948678));
#1516 = CARTESIAN_POINT('',(-1.772851927072,-14.00275883944));
#1517 = CARTESIAN_POINT('',(-1.861804203636,-14.00746335334));
#1518 = CARTESIAN_POINT('',(-2.05208875335,-14.02015123283));
#1519 = CARTESIAN_POINT('',(-2.152274167636,-14.0286360171));
#1520 = CARTESIAN_POINT('',(-2.248941805263,-14.03794203763));
#1521 = CARTESIAN_POINT('',(-2.342499209335,-14.04740821002));
#1522 = CARTESIAN_POINT('',(-2.433281217726,-14.05651374413));
#1523 = CARTESIAN_POINT('',(-2.521546681294,-14.06487368052));
#1524 = CARTESIAN_POINT('',(-2.687016047687,-14.07902977928));
#1525 = CARTESIAN_POINT('',(-2.764870035896,-14.0849988975));
#1526 = CARTESIAN_POINT('',(-2.841457789168,-14.08993796353));
#1527 = CARTESIAN_POINT('',(-2.917107875314,-14.09371895092));
#1528 = CARTESIAN_POINT('',(-2.992133868343,-14.09626496547));
#1529 = CARTESIAN_POINT('',(-3.066852935888,-14.09753872698));
#1530 = CARTESIAN_POINT('',(-3.241097561359,-14.09753872698));
#1531 = CARTESIAN_POINT('',(-3.340517278732,-14.09528112915));
#1532 = CARTESIAN_POINT('',(-3.440682082319,-14.09077238179));
#1533 = CARTESIAN_POINT('',(-3.542325725442,-14.08412858585));
#1534 = CARTESIAN_POINT('',(-3.646221612874,-14.07558502367));
#1535 = CARTESIAN_POINT('',(-3.753159819014,-14.06558052466));
#1536 = CARTESIAN_POINT('',(-3.970861147348,-14.0445087266));
#1537 = CARTESIAN_POINT('',(-4.084213581296,-14.03321710203));
#1538 = CARTESIAN_POINT('',(-4.202599978545,-14.02181479295));
#1539 = CARTESIAN_POINT('',(-4.325140058222,-14.01157330486));
#1540 = CARTESIAN_POINT('',(-4.451368044552,-14.00393483653));
#1541 = CARTESIAN_POINT('',(-4.581076390918,-13.99994942199));
#1542 = CARTESIAN_POINT('',(-4.750291792124,-14.00001411544));
#1543 = CARTESIAN_POINT('',(-4.786219991081,-14.00032124326));
#1544 = CARTESIAN_POINT('',(-4.822080124971,-14.00092137384));
#1545 = CARTESIAN_POINT('',(-4.85781728133,-14.00180744301));
#1546 = CARTESIAN_POINT('',(-4.893375921195,-14.00296624902));
#1547 = CARTESIAN_POINT('',(-4.928697217365,-14.00437899418));
#1548 = CARTESIAN_POINT('',(-5.084198633005,-14.01167393332));
#1549 = CARTESIAN_POINT('',(-5.199553306563,-14.01997724306));
#1550 = CARTESIAN_POINT('',(-5.310554361755,-14.02999142846));
#1551 = CARTESIAN_POINT('',(-5.417640503198,-14.04069551683));
#1552 = CARTESIAN_POINT('',(-5.521118628094,-14.05123256157));
#1553 = CARTESIAN_POINT('',(-5.621130921444,-14.06096733953));
#1554 = CARTESIAN_POINT('',(-5.802271116477,-14.07696676927));
#1555 = CARTESIAN_POINT('',(-5.884894021575,-14.08357344187));
#1556 = CARTESIAN_POINT('',(-5.966020033548,-14.08906400563));
#1557 = CARTESIAN_POINT('',(-6.046039156291,-14.09327731228));
#1558 = CARTESIAN_POINT('',(-6.125321284129,-14.09611760903));
#1559 = CARTESIAN_POINT('',(-6.204241101518,-14.09753872698));
#1560 = CARTESIAN_POINT('',(-6.28318530718,-14.09753872698));
#1561 = ( GEOMETRIC_REPRESENTATION_CONTEXT(2) 
PARAMETRIC_REPRESENTATION_CONTEXT() REPRESENTATION_CONTEXT('2D SPACE',''
  ) );
#1562 = PCURVE('',#793,#1563);
#1563 = DEFINITIONAL_REPRESENTATION('',(#1564),#1627);
#1564 = B_SPLINE_CURVE_WITH_KNOTS('',7,(#1565,#1566,#1567,#1568,#1569,
    #1570,#1571,#1572,#1573,#1574,#1575,#1576,#1577,#1578,#1579,#1580,
    #1581,#1582,#1583,#1584,#1585,#1586,#1587,#1588,#1589,#1590,#1591,
    #1592,#1593,#1594,#1595,#1596,#1597,#1598,#1599,#1600,#1601,#1602,
    #1603,#1604,#1605,#1606,#1607,#1608,#1609,#1610,#1611,#1612,#1613,
    #1614,#1615,#1616,#1617,#1618,#1619,#1620,#1621,#1622,#1623,#1624,
    #1625,#1626),.UNSPECIFIED.,.F.,.F.,(8,6,6,6,6,6,6,6,6,6,8),(0.,
    0.127528301455,0.217033909354,0.302618368641,0.406435936967,
    0.502427418441,0.6302259144,0.753077118078,0.786205254117,
    0.900181440395,1.),.UNSPECIFIED.);
#1565 = CARTESIAN_POINT('',(-3.054945813358,-20.));
#1566 = CARTESIAN_POINT('',(-3.054945813358,-20.22388604248));
#1567 = CARTESIAN_POINT('',(-3.055949198908,-20.44758081545));
#1568 = CARTESIAN_POINT('',(-3.057953041489,-20.6693290571));
#1569 = CARTESIAN_POINT('',(-3.060978972799,-20.8871966794));
#1570 = CARTESIAN_POINT('',(-3.065066810929,-21.09874038239));
#1571 = CARTESIAN_POINT('',(-3.070267734395,-21.30061290053));
#1572 = CARTESIAN_POINT('',(-3.081101341345,-21.61943523959));
#1573 = CARTESIAN_POINT('',(-3.086172072901,-21.74461505064));
#1574 = CARTESIAN_POINT('',(-3.091847494779,-21.86077266442));
#1575 = CARTESIAN_POINT('',(-3.098113632535,-21.96515409779));
#1576 = CARTESIAN_POINT('',(-3.10494057698,-22.05496087807));
#1577 = CARTESIAN_POINT('',(-3.112281340654,-22.12733132864));
#1578 = CARTESIAN_POINT('',(-3.127516960466,-22.22901567176));
#1579 = CARTESIAN_POINT('',(-3.135319575045,-22.25971650151));
#1580 = CARTESIAN_POINT('',(-3.143309389426,-22.268649924));
#1581 = CARTESIAN_POINT('',(-3.151299167748,-22.2547951012));
#1582 = CARTESIAN_POINT('',(-3.159099108299,-22.2188495355));
#1583 = CARTESIAN_POINT('',(-3.166533129359,-22.16321531353));
#1584 = CARTESIAN_POINT('',(-3.181851470692,-22.00560638035));
#1585 = CARTESIAN_POINT('',(-3.18951471117,-21.89607371519));
#1586 = CARTESIAN_POINT('',(-3.196401315089,-21.76820812302));
#1587 = CARTESIAN_POINT('',(-3.202497995407,-21.62601448517));
#1588 = CARTESIAN_POINT('',(-3.207809134777,-21.4729130574));
#1589 = CARTESIAN_POINT('',(-3.212351095268,-21.31184877928));
#1590 = CARTESIAN_POINT('',(-3.219660601778,-20.99138929415));
#1591 = CARTESIAN_POINT('',(-3.222550138141,-20.83216841055));
#1592 = CARTESIAN_POINT('',(-3.22483816827,-20.66916893414));
#1593 = CARTESIAN_POINT('',(-3.226541783556,-20.50355780773));
#1594 = CARTESIAN_POINT('',(-3.2276733897,-20.33628170845));
#1595 = CARTESIAN_POINT('',(-3.228239493822,-20.16816436482));
#1596 = CARTESIAN_POINT('',(-3.228239493822,-19.77611395751));
#1597 = CARTESIAN_POINT('',(-3.227236108272,-19.55241918454));
#1598 = CARTESIAN_POINT('',(-3.22523226569,-19.33067094289));
#1599 = CARTESIAN_POINT('',(-3.22220633438,-19.1128033206));
#1600 = CARTESIAN_POINT('',(-3.218118496251,-18.9012596176));
#1601 = CARTESIAN_POINT('',(-3.212917572785,-18.69938709946));
#1602 = CARTESIAN_POINT('',(-3.200432430302,-18.33196170289));
#1603 = CARTESIAN_POINT('',(-3.193070494678,-18.16041507975));
#1604 = CARTESIAN_POINT('',(-3.184480045688,-18.00792250939));
#1605 = CARTESIAN_POINT('',(-3.174782517173,-17.88369025678));
#1606 = CARTESIAN_POINT('',(-3.164184468041,-17.79546852725));
#1607 = CARTESIAN_POINT('',(-3.152956221105,-17.74941554189));
#1608 = CARTESIAN_POINT('',(-3.138312608633,-17.75016311216));
#1609 = CARTESIAN_POINT('',(-3.13520369789,-17.75371247739));
#1610 = CARTESIAN_POINT('',(-3.132107443063,-17.76064760629));
#1611 = CARTESIAN_POINT('',(-3.129035085856,-17.7709218814));
#1612 = CARTESIAN_POINT('',(-3.125997617884,-17.78444695825));
#1613 = CARTESIAN_POINT('',(-3.123005728347,-17.80109282926));
#1614 = CARTESIAN_POINT('',(-3.109968627355,-17.88810399565));
#1615 = CARTESIAN_POINT('',(-3.100659402077,-17.98955758997));
#1616 = CARTESIAN_POINT('',(-3.092259719812,-18.1182338859));
#1617 = CARTESIAN_POINT('',(-3.084830328034,-18.26818890403));
#1618 = CARTESIAN_POINT('',(-3.078395758914,-18.43405501625));
#1619 = CARTESIAN_POINT('',(-3.072950452376,-18.61093638285));
#1620 = CARTESIAN_POINT('',(-3.064528537801,-18.95505526432));
#1621 = CARTESIAN_POINT('',(-3.061297101178,-19.12207640423));
#1622 = CARTESIAN_POINT('',(-3.058741234631,-19.29360708905));
#1623 = CARTESIAN_POINT('',(-3.056839823209,-19.4682272421));
#1624 = CARTESIAN_POINT('',(-3.055577403965,-19.64480673656));
#1625 = CARTESIAN_POINT('',(-3.054945813358,-19.82237553726));
#1626 = CARTESIAN_POINT('',(-3.054945813358,-20.));
#1627 = ( GEOMETRIC_REPRESENTATION_CONTEXT(2) 
PARAMETRIC_REPRESENTATION_CONTEXT() REPRESENTATION_CONTEXT('2D SPACE',''
  ) );
#1628 = ORIENTED_EDGE('',*,*,#1408,.F.);
#1629 = ADVANCED_FACE('',(#1630),#1115,.F.);
#1630 = FACE_BOUND('',#1631,.T.);
#1631 = EDGE_LOOP('',(#1632,#1884,#1905,#1906));
#1632 = ORIENTED_EDGE('',*,*,#1633,.F.);
#1633 = EDGE_CURVE('',#1634,#1634,#1636,.T.);
#1634 = VERTEX_POINT('',#1635);
#1635 = CARTESIAN_POINT('',(25.902461273014,2.25,28.));
#1636 = SURFACE_CURVE('',#1637,(#1694,#1789),.PCURVE_S1.);
#1637 = B_SPLINE_CURVE_WITH_KNOTS('',7,(#1638,#1639,#1640,#1641,#1642,
    #1643,#1644,#1645,#1646,#1647,#1648,#1649,#1650,#1651,#1652,#1653,
    #1654,#1655,#1656,#1657,#1658,#1659,#1660,#1661,#1662,#1663,#1664,
    #1665,#1666,#1667,#1668,#1669,#1670,#1671,#1672,#1673,#1674,#1675,
    #1676,#1677,#1678,#1679,#1680,#1681,#1682,#1683,#1684,#1685,#1686,
    #1687,#1688,#1689,#1690,#1691,#1692,#1693),.UNSPECIFIED.,.T.,.F.,(8,
    6,6,6,6,6,6,6,6,8),(0.,0.507443526474,0.794141570149,1.,
    1.498492137337,2.017878828691,2.537263414812,3.03553430874,
    3.491701001327,4.050038624223),.UNSPECIFIED.);
#1638 = CARTESIAN_POINT('',(25.902461273014,2.25,28.));
#1639 = CARTESIAN_POINT('',(25.902461273014,2.25,28.223886042481));
#1640 = CARTESIAN_POINT('',(25.904718870851,2.224009839249,
    28.447580815457));
#1641 = CARTESIAN_POINT('',(25.909227618209,2.172105414522,
    28.669329057104));
#1642 = CARTESIAN_POINT('',(25.915871414146,2.093711984822,28.8871966794
    ));
#1643 = CARTESIAN_POINT('',(25.924414976323,1.987770284876,
    29.098740382394));
#1644 = CARTESIAN_POINT('',(25.934419475338,1.852911272687,
    29.300612900531));
#1645 = CARTESIAN_POINT('',(25.951233449027,1.594436191826,
    29.593795330099));
#1646 = CARTESIAN_POINT('',(25.957554791568,1.491216215289,
    29.695263988797));
#1647 = CARTESIAN_POINT('',(25.963982626449,1.378009282077,
    29.791148186402));
#1648 = CARTESIAN_POINT('',(25.970339154717,1.254853828052,
    29.880170030487));
#1649 = CARTESIAN_POINT('',(25.976415561147,1.121925109042,
    29.960971782535));
#1650 = CARTESIAN_POINT('',(25.981981700202,0.979558762762,
    30.032101690359));
#1651 = CARTESIAN_POINT('',(25.990265565112,0.719657394086,
    30.135003921743));
#1652 = CARTESIAN_POINT('',(25.99334442454,0.606435289773,
    30.172220228676));
#1653 = CARTESIAN_POINT('',(25.995934585329,0.48935280819,
    30.202850296217));
#1654 = CARTESIAN_POINT('',(25.997946884706,0.369245594705,
    30.226279162033));
#1655 = CARTESIAN_POINT('',(25.999314659754,0.24701827517,
    30.242076416515));
#1656 = CARTESIAN_POINT('',(26.,0.123616668627,30.25));
#1657 = CARTESIAN_POINT('',(26.,-0.299341335687,30.25));
#1658 = CARTESIAN_POINT('',(25.995979215995,-0.590525203833,
    30.203538506665));
#1659 = CARTESIAN_POINT('',(25.988332391586,-0.865150350719,
    30.115170215603));
#1660 = CARTESIAN_POINT('',(25.978109830098,-1.116268513075,
    29.991058554092));
#1661 = CARTESIAN_POINT('',(25.966738435432,-1.338641743732,
    29.838891245076));
#1662 = CARTESIAN_POINT('',(25.955474608974,-1.529238387876,
    29.66774772234));
#1663 = CARTESIAN_POINT('',(25.934419849737,-1.8529055172,29.30061942885
    ));
#1664 = CARTESIAN_POINT('',(25.924415048646,-1.987770477779,
    29.09874358565));
#1665 = CARTESIAN_POINT('',(25.915871103687,-2.09371550779,
    28.88719199469));
#1666 = CARTESIAN_POINT('',(25.909227433168,-2.172107539128,
    28.669320941496));
#1667 = CARTESIAN_POINT('',(25.9047188919,-2.224009603776,
    28.447576145794));
#1668 = CARTESIAN_POINT('',(25.902461273014,-2.25,28.223886949964));
#1669 = CARTESIAN_POINT('',(25.902461273014,-2.25,27.776113957519));
#1670 = CARTESIAN_POINT('',(25.904718870851,-2.224009839249,
    27.552419184543));
#1671 = CARTESIAN_POINT('',(25.909227618209,-2.172105414522,
    27.330670942896));
#1672 = CARTESIAN_POINT('',(25.915871414146,-2.093711984822,
    27.1128033206));
#1673 = CARTESIAN_POINT('',(25.924414976323,-1.987770284876,
    26.901259617606));
#1674 = CARTESIAN_POINT('',(25.934419475338,-1.852911272687,
    26.699387099469));
#1675 = CARTESIAN_POINT('',(25.955470433523,-1.529302575562,
    26.332325084298));
#1676 = CARTESIAN_POINT('',(25.96673547042,-1.338701437922,
    26.161139931807));
#1677 = CARTESIAN_POINT('',(25.978111570528,-1.116262061225,
    26.008909715237));
#1678 = CARTESIAN_POINT('',(25.988337760826,-0.865052376218,
    25.884767891809));
#1679 = CARTESIAN_POINT('',(25.995982977467,-0.590363865958,
    25.796417998366));
#1680 = CARTESIAN_POINT('',(26.,-0.299201208323,25.75));
#1681 = CARTESIAN_POINT('',(26.,0.273918519588,25.75));
#1682 = CARTESIAN_POINT('',(25.996633169041,0.541873484721,
    25.788904884235));
#1683 = CARTESIAN_POINT('',(25.990163694223,0.796988844616,
    25.86366720935));
#1684 = CARTESIAN_POINT('',(25.98134992589,1.033295080801,
    25.969710002365));
#1685 = CARTESIAN_POINT('',(25.971285618347,1.246074509696,
    26.101030764701));
#1686 = CARTESIAN_POINT('',(25.961005902108,1.432289478439,26.2503089631
    ));
#1687 = CARTESIAN_POINT('',(25.939367849008,1.785236390207,
    26.603255874867));
#1688 = CARTESIAN_POINT('',(25.927959662198,1.943546344288,
    26.816900807381));
#1689 = CARTESIAN_POINT('',(25.918081750088,2.067573709124,
    27.043132290584));
#1690 = CARTESIAN_POINT('',(25.910354713626,2.159131514034,
    27.277420870234));
#1691 = CARTESIAN_POINT('',(25.905095675941,2.219671634877,
    27.516570674866));
#1692 = CARTESIAN_POINT('',(25.902461273014,2.25,27.758147948679));
#1693 = CARTESIAN_POINT('',(25.902461273014,2.25,28.));
#1694 = PCURVE('',#1115,#1695);
#1695 = DEFINITIONAL_REPRESENTATION('',(#1696),#1788);
#1696 = B_SPLINE_CURVE_WITH_KNOTS('',3,(#1697,#1698,#1699,#1700,#1701,
    #1702,#1703,#1704,#1705,#1706,#1707,#1708,#1709,#1710,#1711,#1712,
    #1713,#1714,#1715,#1716,#1717,#1718,#1719,#1720,#1721,#1722,#1723,
    #1724,#1725,#1726,#1727,#1728,#1729,#1730,#1731,#1732,#1733,#1734,
    #1735,#1736,#1737,#1738,#1739,#1740,#1741,#1742,#1743,#1744,#1745,
    #1746,#1747,#1748,#1749,#1750,#1751,#1752,#1753,#1754,#1755,#1756,
    #1757,#1758,#1759,#1760,#1761,#1762,#1763,#1764,#1765,#1766,#1767,
    #1768,#1769,#1770,#1771,#1772,#1773,#1774,#1775,#1776,#1777,#1778,
    #1779,#1780,#1781,#1782,#1783,#1784,#1785,#1786,#1787),
  .UNSPECIFIED.,.F.,.F.,(4,1,1,1,1,1,1,1,1,1,1,1,1,1,1,1,1,1,1,1,1,1,1,1
    ,1,1,1,1,1,1,1,1,1,1,1,1,1,1,1,1,1,1,1,1,1,1,1,1,1,1,1,1,1,1,1,1,1,1
    ,1,1,1,1,1,1,1,1,1,1,1,1,1,1,1,1,1,1,1,1,1,1,1,1,1,1,1,1,1,1,4),(0.,
    4.602316618435E-02,9.20463323687E-02,0.138069498553,0.184092664737,
    0.230115830922,0.276138997106,0.32216216329,0.368185329475,
    0.414208495659,0.460231661843,0.506254828028,0.552277994212,
    0.598301160397,0.644324326581,0.690347492765,0.73637065895,
    0.782393825134,0.828416991318,0.874440157503,0.920463323687,
    0.966486489871,1.012509656056,1.05853282224,1.104555988424,
    1.150579154609,1.196602320793,1.242625486977,1.288648653162,
    1.334671819346,1.38069498553,1.426718151715,1.472741317899,
    1.518764484084,1.564787650268,1.610810816452,1.656833982637,
    1.702857148821,1.748880315005,1.79490348119,1.840926647374,
    1.886949813558,1.932972979743,1.978996145927,2.025019312111,
    2.071042478296,2.11706564448,2.163088810664,2.209111976849,
    2.255135143033,2.301158309217,2.347181475402,2.393204641586,
    2.439227807771,2.485250973955,2.531274140139,2.577297306324,
    2.623320472508,2.669343638692,2.715366804877,2.761389971061,
    2.807413137245,2.85343630343,2.899459469614,2.945482635798,
    2.991505801983,3.037528968167,3.083552134351,3.129575300536,
    3.17559846672,3.221621632904,3.267644799089,3.313667965273,
    3.359691131457,3.405714297642,3.451737463826,3.497760630011,
    3.543783796195,3.589806962379,3.635830128564,3.681853294748,
    3.727876460932,3.773899627117,3.819922793301,3.865945959485,
    3.91196912567,3.957992291854,4.004015458038,4.050038624223),
  .QUASI_UNIFORM_KNOTS.);
#1697 = CARTESIAN_POINT('',(0.,-65.90246127301));
#1698 = CARTESIAN_POINT('',(-2.10573900787E-02,-65.90246072506));
#1699 = CARTESIAN_POINT('',(-6.316343935885E-02,-65.90272168852));
#1700 = CARTESIAN_POINT('',(-0.126420283769,-65.90388794909));
#1701 = CARTESIAN_POINT('',(-0.18989978258,-65.90582034053));
#1702 = CARTESIAN_POINT('',(-0.253723596941,-65.90850080455));
#1703 = CARTESIAN_POINT('',(-0.318012941118,-65.91190441166));
#1704 = CARTESIAN_POINT('',(-0.382889419574,-65.91599777663));
#1705 = CARTESIAN_POINT('',(-0.448476047169,-65.92073837492));
#1706 = CARTESIAN_POINT('',(-0.514899224261,-65.92607357099));
#1707 = CARTESIAN_POINT('',(-0.582286953139,-65.93193924923));
#1708 = CARTESIAN_POINT('',(-0.650781971129,-65.93825979554));
#1709 = CARTESIAN_POINT('',(-0.720500502442,-65.94494266909));
#1710 = CARTESIAN_POINT('',(-0.791695925204,-65.95189298007));
#1711 = CARTESIAN_POINT('',(-0.864514504921,-65.95898800279));
#1712 = CARTESIAN_POINT('',(-0.93896619763,-65.96607258807));
#1713 = CARTESIAN_POINT('',(-1.015114368286,-65.9729794066));
#1714 = CARTESIAN_POINT('',(-1.093032443506,-65.97952645223));
#1715 = CARTESIAN_POINT('',(-1.172792993532,-65.9855198998));
#1716 = CARTESIAN_POINT('',(-1.254564930841,-65.99076220238));
#1717 = CARTESIAN_POINT('',(-1.338009454096,-65.99502430941));
#1718 = CARTESIAN_POINT('',(-1.422691167051,-65.99810502899));
#1719 = CARTESIAN_POINT('',(-1.508143682405,-65.99985715792));
#1720 = CARTESIAN_POINT('',(-1.594311904369,-66.00018539585));
#1721 = CARTESIAN_POINT('',(-1.679322732277,-65.99908357544));
#1722 = CARTESIAN_POINT('',(-1.763010098006,-65.99665490588));
#1723 = CARTESIAN_POINT('',(-1.845406718122,-65.99302541692));
#1724 = CARTESIAN_POINT('',(-1.926469193692,-65.98835142913));
#1725 = CARTESIAN_POINT('',(-2.006150557384,-65.98280958035));
#1726 = CARTESIAN_POINT('',(-2.084379542511,-65.97659105861));
#1727 = CARTESIAN_POINT('',(-2.161062214562,-65.96989468018));
#1728 = CARTESIAN_POINT('',(-2.236084092926,-65.96291960086));
#1729 = CARTESIAN_POINT('',(-2.309284613898,-65.95586086253));
#1730 = CARTESIAN_POINT('',(-2.380538468163,-65.94889517207));
#1731 = CARTESIAN_POINT('',(-2.449433971694,-65.94220511462));
#1732 = CARTESIAN_POINT('',(-2.517074261279,-65.93580307367));
#1733 = CARTESIAN_POINT('',(-2.583576072887,-65.92978355539));
#1734 = CARTESIAN_POINT('',(-2.64907514291,-65.92422503015));
#1735 = CARTESIAN_POINT('',(-2.713693904429,-65.91919475308));
#1736 = CARTESIAN_POINT('',(-2.777552274936,-65.91474881168));
#1737 = CARTESIAN_POINT('',(-2.840766464494,-65.9109334014));
#1738 = CARTESIAN_POINT('',(-2.903450856699,-65.90778569937));
#1739 = CARTESIAN_POINT('',(-2.965718455675,-65.90533474746));
#1740 = CARTESIAN_POINT('',(-3.027683431039,-65.90360222206));
#1741 = CARTESIAN_POINT('',(-3.089456618845,-65.90260306264));
#1742 = CARTESIAN_POINT('',(-3.151167415842,-65.902346086));
#1743 = CARTESIAN_POINT('',(-3.212883664667,-65.90283399139));
#1744 = CARTESIAN_POINT('',(-3.274705449145,-65.90406194842));
#1745 = CARTESIAN_POINT('',(-3.336752961227,-65.9060193583));
#1746 = CARTESIAN_POINT('',(-3.399138481874,-65.9086892189));
#1747 = CARTESIAN_POINT('',(-3.461975307797,-65.91204762511));
#1748 = CARTESIAN_POINT('',(-3.525376934262,-65.91606309379));
#1749 = CARTESIAN_POINT('',(-3.589457725061,-65.92069568699));
#1750 = CARTESIAN_POINT('',(-3.654337181452,-65.9258964533));
#1751 = CARTESIAN_POINT('',(-3.720128556813,-65.93160523765));
#1752 = CARTESIAN_POINT('',(-3.786987223965,-65.93775424256));
#1753 = CARTESIAN_POINT('',(-3.85493700713,-65.94424986188));
#1754 = CARTESIAN_POINT('',(-3.924526885239,-65.95103542407));
#1755 = CARTESIAN_POINT('',(-3.996455266655,-65.95805332512));
#1756 = CARTESIAN_POINT('',(-4.070275262269,-65.96510956517));
#1757 = CARTESIAN_POINT('',(-4.145878524789,-65.97202351266));
#1758 = CARTESIAN_POINT('',(-4.22310680538,-65.97859651449));
#1759 = CARTESIAN_POINT('',(-4.301850374596,-65.98462833061));
#1760 = CARTESIAN_POINT('',(-4.382021202251,-65.98992118439));
#1761 = CARTESIAN_POINT('',(-4.463543475781,-65.99428738957));
#1762 = CARTESIAN_POINT('',(-4.546403364305,-65.9975558973));
#1763 = CARTESIAN_POINT('',(-4.630447855981,-65.99957940624));
#1764 = CARTESIAN_POINT('',(-4.716131419267,-66.00023909828));
#1765 = CARTESIAN_POINT('',(-4.801711982504,-65.99945609414));
#1766 = CARTESIAN_POINT('',(-4.885851864376,-65.99731314301));
#1767 = CARTESIAN_POINT('',(-4.968852956356,-65.99392738134));
#1768 = CARTESIAN_POINT('',(-5.05055575019,-65.98944909712));
#1769 = CARTESIAN_POINT('',(-5.13090046847,-65.9840538245));
#1770 = CARTESIAN_POINT('',(-5.209772034895,-65.97793565958));
#1771 = CARTESIAN_POINT('',(-5.28704430154,-65.97129895568));
#1772 = CARTESIAN_POINT('',(-5.362539795745,-65.96435322066));
#1773 = CARTESIAN_POINT('',(-5.436124347879,-65.95729611404));
#1774 = CARTESIAN_POINT('',(-5.507342903127,-65.95034147709));
#1775 = CARTESIAN_POINT('',(-5.5768024509,-65.94357620412));
#1776 = CARTESIAN_POINT('',(-5.645031097735,-65.93707423352));
#1777 = CARTESIAN_POINT('',(-5.712067598621,-65.93094213654));
#1778 = CARTESIAN_POINT('',(-5.778071010599,-65.92526019475));
#1779 = CARTESIAN_POINT('',(-5.843160010459,-65.92009957115));
#1780 = CARTESIAN_POINT('',(-5.907458069319,-65.91551908499));
#1781 = CARTESIAN_POINT('',(-5.971083073694,-65.91156742314));
#1782 = CARTESIAN_POINT('',(-6.03415159643,-65.90828381656));
#1783 = CARTESIAN_POINT('',(-6.096779082954,-65.90569910422));
#1784 = CARTESIAN_POINT('',(-6.159081262764,-65.90383633679));
#1785 = CARTESIAN_POINT('',(-6.221174763072,-65.90271225774));
#1786 = CARTESIAN_POINT('',(-6.262511654483,-65.9024607719));
#1787 = CARTESIAN_POINT('',(-6.28318530718,-65.90246127301));
#1788 = ( GEOMETRIC_REPRESENTATION_CONTEXT(2) 
PARAMETRIC_REPRESENTATION_CONTEXT() REPRESENTATION_CONTEXT('2D SPACE',''
  ) );
#1789 = PCURVE('',#793,#1790);
#1790 = DEFINITIONAL_REPRESENTATION('',(#1791),#1883);
#1791 = B_SPLINE_CURVE_WITH_KNOTS('',3,(#1792,#1793,#1794,#1795,#1796,
    #1797,#1798,#1799,#1800,#1801,#1802,#1803,#1804,#1805,#1806,#1807,
    #1808,#1809,#1810,#1811,#1812,#1813,#1814,#1815,#1816,#1817,#1818,
    #1819,#1820,#1821,#1822,#1823,#1824,#1825,#1826,#1827,#1828,#1829,
    #1830,#1831,#1832,#1833,#1834,#1835,#1836,#1837,#1838,#1839,#1840,
    #1841,#1842,#1843,#1844,#1845,#1846,#1847,#1848,#1849,#1850,#1851,
    #1852,#1853,#1854,#1855,#1856,#1857,#1858,#1859,#1860,#1861,#1862,
    #1863,#1864,#1865,#1866,#1867,#1868,#1869,#1870,#1871,#1872,#1873,
    #1874,#1875,#1876,#1877,#1878,#1879,#1880,#1881,#1882),
  .UNSPECIFIED.,.T.,.F.,(4,1,1,1,1,1,1,1,1,1,1,1,1,1,1,1,1,1,1,1,1,1,1,1
    ,1,1,1,1,1,1,1,1,1,1,1,1,1,1,1,1,1,1,1,1,1,1,1,1,1,1,1,1,1,1,1,1,1,1
    ,1,1,1,1,1,1,1,1,1,1,1,1,1,1,1,1,1,1,1,1,1,1,1,1,1,1,1,1,1,1,4),(0.,
    4.602316618435E-02,9.20463323687E-02,0.138069498553,0.184092664737,
    0.230115830922,0.276138997106,0.32216216329,0.368185329475,
    0.414208495659,0.460231661843,0.506254828028,0.552277994212,
    0.598301160397,0.644324326581,0.690347492765,0.73637065895,
    0.782393825134,0.828416991318,0.874440157503,0.920463323687,
    0.966486489871,1.012509656056,1.05853282224,1.104555988424,
    1.150579154609,1.196602320793,1.242625486977,1.288648653162,
    1.334671819346,1.38069498553,1.426718151715,1.472741317899,
    1.518764484084,1.564787650268,1.610810816452,1.656833982637,
    1.702857148821,1.748880315005,1.79490348119,1.840926647374,
    1.886949813558,1.932972979743,1.978996145927,2.025019312111,
    2.071042478296,2.11706564448,2.163088810664,2.209111976849,
    2.255135143033,2.301158309217,2.347181475402,2.393204641586,
    2.439227807771,2.485250973955,2.531274140139,2.577297306324,
    2.623320472508,2.669343638692,2.715366804877,2.761389971061,
    2.807413137245,2.85343630343,2.899459469614,2.945482635798,
    2.991505801983,3.037528968167,3.083552134351,3.129575300536,
    3.17559846672,3.221621632904,3.267644799089,3.313667965273,
    3.359691131457,3.405714297642,3.451737463826,3.497760630011,
    3.543783796195,3.589806962379,3.635830128564,3.681853294748,
    3.727876460932,3.773899627117,3.819922793301,3.865945959485,
    3.91196912567,3.957992291854,4.004015458038,4.050038624223),
  .QUASI_UNIFORM_KNOTS.);
#1792 = CARTESIAN_POINT('',(-6.369832147411,-20.));
#1793 = CARTESIAN_POINT('',(-6.369832041055,-20.04737835811));
#1794 = CARTESIAN_POINT('',(-6.369716683983,-20.14211811466));
#1795 = CARTESIAN_POINT('',(-6.369196585341,-20.28387816504));
#1796 = CARTESIAN_POINT('',(-6.368328271023,-20.4249976323));
#1797 = CARTESIAN_POINT('',(-6.367108917799,-20.5651585441));
#1798 = CARTESIAN_POINT('',(-6.365534740023,-20.70401808515));
#1799 = CARTESIAN_POINT('',(-6.363600933115,-20.84120061577));
#1800 = CARTESIAN_POINT('',(-6.361301843117,-20.97629154772));
#1801 = CARTESIAN_POINT('',(-6.358631025531,-21.10883189043));
#1802 = CARTESIAN_POINT('',(-6.355581555221,-21.23830601334));
#1803 = CARTESIAN_POINT('',(-6.352145482364,-21.36415339623));
#1804 = CARTESIAN_POINT('',(-6.348316497953,-21.48568850179));
#1805 = CARTESIAN_POINT('',(-6.34408066504,-21.60236122943));
#1806 = CARTESIAN_POINT('',(-6.339429825463,-21.71330219651));
#1807 = CARTESIAN_POINT('',(-6.334367320474,-21.81734796478));
#1808 = CARTESIAN_POINT('',(-6.328897190058,-21.91335723351));
#1809 = CARTESIAN_POINT('',(-6.323026776283,-22.00012529739));
#1810 = CARTESIAN_POINT('',(-6.31676837912,-22.07638866799));
#1811 = CARTESIAN_POINT('',(-6.310131433612,-22.14086878741));
#1812 = CARTESIAN_POINT('',(-6.303173646885,-22.19189706298));
#1813 = CARTESIAN_POINT('',(-6.295970987637,-22.22805298763));
#1814 = CARTESIAN_POINT('',(-6.288610274678,-22.24835508376));
#1815 = CARTESIAN_POINT('',(-6.281148002064,-22.25213989531));
#1816 = CARTESIAN_POINT('',(-6.273800797392,-22.23941388475));
#1817 = CARTESIAN_POINT('',(-6.266633991484,-22.21110354102));
#1818 = CARTESIAN_POINT('',(-6.259690339776,-22.16810689206));
#1819 = CARTESIAN_POINT('',(-6.253013911732,-22.11144991068));
#1820 = CARTESIAN_POINT('',(-6.246643414539,-22.0422425498));
#1821 = CARTESIAN_POINT('',(-6.240613644554,-21.96168736546));
#1822 = CARTESIAN_POINT('',(-6.234954826124,-21.87107744618));
#1823 = CARTESIAN_POINT('',(-6.229692122559,-21.77178387324));
#1824 = CARTESIAN_POINT('',(-6.224846439562,-21.66529515275));
#1825 = CARTESIAN_POINT('',(-6.22042977604,-21.55305868903));
#1826 = CARTESIAN_POINT('',(-6.216461004728,-21.43706163801));
#1827 = CARTESIAN_POINT('',(-6.212870957454,-21.31657664124));
#1828 = CARTESIAN_POINT('',(-6.209654716545,-21.19224944013));
#1829 = CARTESIAN_POINT('',(-6.20680440869,-21.06465273967));
#1830 = CARTESIAN_POINT('',(-6.204313359819,-20.93430138792));
#1831 = CARTESIAN_POINT('',(-6.202175144279,-20.80165719141));
#1832 = CARTESIAN_POINT('',(-6.200383992928,-20.66713607335));
#1833 = CARTESIAN_POINT('',(-6.198934829231,-20.53111385077));
#1834 = CARTESIAN_POINT('',(-6.197823396863,-20.39393300833));
#1835 = CARTESIAN_POINT('',(-6.197046360165,-20.25590487203));
#1836 = CARTESIAN_POINT('',(-6.19660139311,-20.11732738143));
#1837 = CARTESIAN_POINT('',(-6.196487317413,-19.97844345264));
#1838 = CARTESIAN_POINT('',(-6.19670403298,-19.8396292264));
#1839 = CARTESIAN_POINT('',(-6.197251865522,-19.70118916394));
#1840 = CARTESIAN_POINT('',(-6.198132392036,-19.56339019361));
#1841 = CARTESIAN_POINT('',(-6.19934824735,-19.42653268152));
#1842 = CARTESIAN_POINT('',(-6.20090305491,-19.29093790252));
#1843 = CARTESIAN_POINT('',(-6.202801336097,-19.15695771478));
#1844 = CARTESIAN_POINT('',(-6.205048360429,-19.02498048488));
#1845 = CARTESIAN_POINT('',(-6.207650228312,-18.89543156983));
#1846 = CARTESIAN_POINT('',(-6.210613052693,-18.76880128068));
#1847 = CARTESIAN_POINT('',(-6.213945478108,-18.64557052034));
#1848 = CARTESIAN_POINT('',(-6.217648712285,-18.52652059755));
#1849 = CARTESIAN_POINT('',(-6.221753126813,-18.41161121429));
#1850 = CARTESIAN_POINT('',(-6.226307323017,-18.30091339072));
#1851 = CARTESIAN_POINT('',(-6.231286990192,-18.19645210616));
#1852 = CARTESIAN_POINT('',(-6.23667908894,-18.09964835011));
#1853 = CARTESIAN_POINT('',(-6.242460574592,-18.01197731757));
#1854 = CARTESIAN_POINT('',(-6.248604451832,-17.93478909548));
#1855 = CARTESIAN_POINT('',(-6.25507888123,-17.86935395411));
#1856 = CARTESIAN_POINT('',(-6.261846654824,-17.8168471737));
#1857 = CARTESIAN_POINT('',(-6.268870029916,-17.77835162428));
#1858 = CARTESIAN_POINT('',(-6.276093627418,-17.7548503494));
#1859 = CARTESIAN_POINT('',(-6.283509562416,-17.74724198599));
#1860 = CARTESIAN_POINT('',(-6.290914237508,-17.75627538006));
#1861 = CARTESIAN_POINT('',(-6.298139210739,-17.78118738432));
#1862 = CARTESIAN_POINT('',(-6.305163280127,-17.8211275926));
#1863 = CARTESIAN_POINT('',(-6.311930381765,-17.87510643055));
#1864 = CARTESIAN_POINT('',(-6.318398878779,-17.94201332458));
#1865 = CARTESIAN_POINT('',(-6.324528741788,-18.02061257628));
#1866 = CARTESIAN_POINT('',(-6.330285882444,-18.10955837693));
#1867 = CARTESIAN_POINT('',(-6.335640079548,-18.20735557284));
#1868 = CARTESIAN_POINT('',(-6.340571461614,-18.31251828056));
#1869 = CARTESIAN_POINT('',(-6.345049231584,-18.42299132176));
#1870 = CARTESIAN_POINT('',(-6.349115961724,-18.53840326376));
#1871 = CARTESIAN_POINT('',(-6.352801798492,-18.65862225374));
#1872 = CARTESIAN_POINT('',(-6.356108051731,-18.78281541118));
#1873 = CARTESIAN_POINT('',(-6.359043634751,-18.91042917308));
#1874 = CARTESIAN_POINT('',(-6.361615103366,-19.04091675667));
#1875 = CARTESIAN_POINT('',(-6.363829140056,-19.17380195299));
#1876 = CARTESIAN_POINT('',(-6.365691715454,-19.30865335908));
#1877 = CARTESIAN_POINT('',(-6.367208146465,-19.44508317955));
#1878 = CARTESIAN_POINT('',(-6.368382935898,-19.58273974241));
#1879 = CARTESIAN_POINT('',(-6.369219629062,-19.72130279413));
#1880 = CARTESIAN_POINT('',(-6.369720854913,-19.86047594417));
#1881 = CARTESIAN_POINT('',(-6.369832045045,-19.95348497402));
#1882 = CARTESIAN_POINT('',(-6.369832147411,-20.));
#1883 = ( GEOMETRIC_REPRESENTATION_CONTEXT(2) 
PARAMETRIC_REPRESENTATION_CONTEXT() REPRESENTATION_CONTEXT('2D SPACE',''
  ) );
#1884 = ORIENTED_EDGE('',*,*,#1885,.T.);
#1885 = EDGE_CURVE('',#1634,#959,#1886,.T.);
#1886 = SEAM_CURVE('',#1887,(#1891,#1898),.PCURVE_S1.);
#1887 = LINE('',#1888,#1889);
#1888 = CARTESIAN_POINT('',(-40.,2.25,28.));
#1889 = VECTOR('',#1890,1.);
#1890 = DIRECTION('',(1.,0.,0.));
#1891 = PCURVE('',#1115,#1892);
#1892 = DEFINITIONAL_REPRESENTATION('',(#1893),#1897);
#1893 = LINE('',#1894,#1895);
#1894 = CARTESIAN_POINT('',(-0.,0.));
#1895 = VECTOR('',#1896,1.);
#1896 = DIRECTION('',(-0.,-1.));
#1897 = ( GEOMETRIC_REPRESENTATION_CONTEXT(2) 
PARAMETRIC_REPRESENTATION_CONTEXT() REPRESENTATION_CONTEXT('2D SPACE',''
  ) );
#1898 = PCURVE('',#1115,#1899);
#1899 = DEFINITIONAL_REPRESENTATION('',(#1900),#1904);
#1900 = LINE('',#1901,#1902);
#1901 = CARTESIAN_POINT('',(-6.28318530718,0.));
#1902 = VECTOR('',#1903,1.);
#1903 = DIRECTION('',(-0.,-1.));
#1904 = ( GEOMETRIC_REPRESENTATION_CONTEXT(2) 
PARAMETRIC_REPRESENTATION_CONTEXT() REPRESENTATION_CONTEXT('2D SPACE',''
  ) );
#1905 = ORIENTED_EDGE('',*,*,#958,.F.);
#1906 = ORIENTED_EDGE('',*,*,#1885,.F.);
#1907 = ADVANCED_FACE('',(#1908),#920,.T.);
#1908 = FACE_BOUND('',#1909,.T.);
#1909 = EDGE_LOOP('',(#1910,#1933,#1934,#1957));
#1910 = ORIENTED_EDGE('',*,*,#1911,.T.);
#1911 = EDGE_CURVE('',#1912,#883,#1914,.T.);
#1912 = VERTEX_POINT('',#1913);
#1913 = CARTESIAN_POINT('',(-1.,25.980762113533,48.));
#1914 = SURFACE_CURVE('',#1915,(#1919,#1926),.PCURVE_S1.);
#1915 = LINE('',#1916,#1917);
#1916 = CARTESIAN_POINT('',(-1.,24.,48.));
#1917 = VECTOR('',#1918,1.);
#1918 = DIRECTION('',(0.,1.,0.));
#1919 = PCURVE('',#920,#1920);
#1920 = DEFINITIONAL_REPRESENTATION('',(#1921),#1925);
#1921 = LINE('',#1922,#1923);
#1922 = CARTESIAN_POINT('',(-1.,24.));
#1923 = VECTOR('',#1924,1.);
#1924 = DIRECTION('',(0.,1.));
#1925 = ( GEOMETRIC_REPRESENTATION_CONTEXT(2) 
PARAMETRIC_REPRESENTATION_CONTEXT() REPRESENTATION_CONTEXT('2D SPACE',''
  ) );
#1926 = PCURVE('',#764,#1927);
#1927 = DEFINITIONAL_REPRESENTATION('',(#1928),#1932);
#1928 = LINE('',#1929,#1930);
#1929 = CARTESIAN_POINT('',(40.,0.));
#1930 = VECTOR('',#1931,1.);
#1931 = DIRECTION('',(0.,-1.));
#1932 = ( GEOMETRIC_REPRESENTATION_CONTEXT(2) 
PARAMETRIC_REPRESENTATION_CONTEXT() REPRESENTATION_CONTEXT('2D SPACE',''
  ) );
#1933 = ORIENTED_EDGE('',*,*,#903,.F.);
#1934 = ORIENTED_EDGE('',*,*,#1935,.F.);
#1935 = EDGE_CURVE('',#1936,#904,#1938,.T.);
#1936 = VERTEX_POINT('',#1937);
#1937 = CARTESIAN_POINT('',(1.,25.980762113533,48.));
#1938 = SURFACE_CURVE('',#1939,(#1943,#1950),.PCURVE_S1.);
#1939 = LINE('',#1940,#1941);
#1940 = CARTESIAN_POINT('',(1.,24.,48.));
#1941 = VECTOR('',#1942,1.);
#1942 = DIRECTION('',(0.,1.,0.));
#1943 = PCURVE('',#920,#1944);
#1944 = DEFINITIONAL_REPRESENTATION('',(#1945),#1949);
#1945 = LINE('',#1946,#1947);
#1946 = CARTESIAN_POINT('',(1.,24.));
#1947 = VECTOR('',#1948,1.);
#1948 = DIRECTION('',(0.,1.));
#1949 = ( GEOMETRIC_REPRESENTATION_CONTEXT(2) 
PARAMETRIC_REPRESENTATION_CONTEXT() REPRESENTATION_CONTEXT('2D SPACE',''
  ) );
#1950 = PCURVE('',#821,#1951);
#1951 = DEFINITIONAL_REPRESENTATION('',(#1952),#1956);
#1952 = LINE('',#1953,#1954);
#1953 = CARTESIAN_POINT('',(40.,0.));
#1954 = VECTOR('',#1955,1.);
#1955 = DIRECTION('',(0.,-1.));
#1956 = ( GEOMETRIC_REPRESENTATION_CONTEXT(2) 
PARAMETRIC_REPRESENTATION_CONTEXT() REPRESENTATION_CONTEXT('2D SPACE',''
  ) );
#1957 = ORIENTED_EDGE('',*,*,#1958,.F.);
#1958 = EDGE_CURVE('',#1912,#1936,#1959,.T.);
#1959 = SURFACE_CURVE('',#1960,(#1965,#1972),.PCURVE_S1.);
#1960 = CIRCLE('',#1961,26.);
#1961 = AXIS2_PLACEMENT_3D('',#1962,#1963,#1964);
#1962 = CARTESIAN_POINT('',(1.664700123781E-13,1.218073261303E-15,48.));
#1963 = DIRECTION('',(0.,0.,1.));
#1964 = DIRECTION('',(-3.846153846154E-02,0.99926008129,0.));
#1965 = PCURVE('',#920,#1966);
#1966 = DEFINITIONAL_REPRESENTATION('',(#1967),#1971);
#1967 = CIRCLE('',#1968,26.);
#1968 = AXIS2_PLACEMENT_2D('',#1969,#1970);
#1969 = CARTESIAN_POINT('',(1.677202433564E-13,-1.103865074657E-15));
#1970 = DIRECTION('',(-3.846153846154E-02,0.99926008129));
#1971 = ( GEOMETRIC_REPRESENTATION_CONTEXT(2) 
PARAMETRIC_REPRESENTATION_CONTEXT() REPRESENTATION_CONTEXT('2D SPACE',''
  ) );
#1972 = PCURVE('',#793,#1973);
#1973 = DEFINITIONAL_REPRESENTATION('',(#1974),#1978);
#1974 = LINE('',#1975,#1976);
#1975 = CARTESIAN_POINT('',(-1.609267354202,-40.));
#1976 = VECTOR('',#1977,1.);
#1977 = DIRECTION('',(-1.,0.));
#1978 = ( GEOMETRIC_REPRESENTATION_CONTEXT(2) 
PARAMETRIC_REPRESENTATION_CONTEXT() REPRESENTATION_CONTEXT('2D SPACE',''
  ) );
#1979 = ADVANCED_FACE('',(#1980),#821,.F.);
#1980 = FACE_BOUND('',#1981,.F.);
#1981 = EDGE_LOOP('',(#1982,#1983,#2002,#2003));
#1982 = ORIENTED_EDGE('',*,*,#1935,.F.);
#1983 = ORIENTED_EDGE('',*,*,#1984,.T.);
#1984 = EDGE_CURVE('',#1936,#777,#1985,.T.);
#1985 = SURFACE_CURVE('',#1986,(#1990,#1996),.PCURVE_S1.);
#1986 = LINE('',#1987,#1988);
#1987 = CARTESIAN_POINT('',(1.,25.980762113533,8.));
#1988 = VECTOR('',#1989,1.);
#1989 = DIRECTION('',(-0.,-0.,-1.));
#1990 = PCURVE('',#821,#1991);
#1991 = DEFINITIONAL_REPRESENTATION('',(#1992),#1995);
#1992 = B_SPLINE_CURVE_WITH_KNOTS('',1,(#1993,#1994),.UNSPECIFIED.,.F.,
  .F.,(2,2),(-40.0000006,5.999999999062E-07),.PIECEWISE_BEZIER_KNOTS.);
#1993 = CARTESIAN_POINT('',(40.0000006,-1.980762113533));
#1994 = CARTESIAN_POINT('',(-5.999999999062E-07,-1.980762113533));
#1995 = ( GEOMETRIC_REPRESENTATION_CONTEXT(2) 
PARAMETRIC_REPRESENTATION_CONTEXT() REPRESENTATION_CONTEXT('2D SPACE',''
  ) );
#1996 = PCURVE('',#793,#1997);
#1997 = DEFINITIONAL_REPRESENTATION('',(#1998),#2001);
#1998 = B_SPLINE_CURVE_WITH_KNOTS('',1,(#1999,#2000),.UNSPECIFIED.,.F.,
  .F.,(2,2),(-40.,0.),.PIECEWISE_BEZIER_KNOTS.);
#1999 = CARTESIAN_POINT('',(-7.815510606567,-40.));
#2000 = CARTESIAN_POINT('',(-7.815510606567,0.));
#2001 = ( GEOMETRIC_REPRESENTATION_CONTEXT(2) 
PARAMETRIC_REPRESENTATION_CONTEXT() REPRESENTATION_CONTEXT('2D SPACE',''
  ) );
#2002 = ORIENTED_EDGE('',*,*,#805,.T.);
#2003 = ORIENTED_EDGE('',*,*,#936,.F.);
#2004 = ADVANCED_FACE('',(#2005,#2029,#2032),#793,.F.);
#2005 = FACE_BOUND('',#2006,.T.);
#2006 = EDGE_LOOP('',(#2007,#2026,#2027,#2028));
#2007 = ORIENTED_EDGE('',*,*,#2008,.F.);
#2008 = EDGE_CURVE('',#1912,#747,#2009,.T.);
#2009 = SURFACE_CURVE('',#2010,(#2014,#2020),.PCURVE_S1.);
#2010 = LINE('',#2011,#2012);
#2011 = CARTESIAN_POINT('',(-1.,25.980762113533,8.));
#2012 = VECTOR('',#2013,1.);
#2013 = DIRECTION('',(-0.,-0.,-1.));
#2014 = PCURVE('',#793,#2015);
#2015 = DEFINITIONAL_REPRESENTATION('',(#2016),#2019);
#2016 = B_SPLINE_CURVE_WITH_KNOTS('',1,(#2017,#2018),.UNSPECIFIED.,.F.,
  .F.,(2,2),(-40.,-0.),.PIECEWISE_BEZIER_KNOTS.);
#2017 = CARTESIAN_POINT('',(-1.609267354202,-40.));
#2018 = CARTESIAN_POINT('',(-1.609267354202,0.));
#2019 = ( GEOMETRIC_REPRESENTATION_CONTEXT(2) 
PARAMETRIC_REPRESENTATION_CONTEXT() REPRESENTATION_CONTEXT('2D SPACE',''
  ) );
#2020 = PCURVE('',#764,#2021);
#2021 = DEFINITIONAL_REPRESENTATION('',(#2022),#2025);
#2022 = B_SPLINE_CURVE_WITH_KNOTS('',1,(#2023,#2024),.UNSPECIFIED.,.F.,
  .F.,(2,2),(-40.0000006,5.999999999062E-07),.PIECEWISE_BEZIER_KNOTS.);
#2023 = CARTESIAN_POINT('',(40.0000006,-1.980762113533));
#2024 = CARTESIAN_POINT('',(-5.999999999062E-07,-1.980762113533));
#2025 = ( GEOMETRIC_REPRESENTATION_CONTEXT(2) 
PARAMETRIC_REPRESENTATION_CONTEXT() REPRESENTATION_CONTEXT('2D SPACE',''
  ) );
#2026 = ORIENTED_EDGE('',*,*,#1958,.T.);
#2027 = ORIENTED_EDGE('',*,*,#1984,.T.);
#2028 = ORIENTED_EDGE('',*,*,#776,.F.);
#2029 = FACE_BOUND('',#2030,.T.);
#2030 = EDGE_LOOP('',(#2031));
#2031 = ORIENTED_EDGE('',*,*,#1633,.T.);
#2032 = FACE_BOUND('',#2033,.T.);
#2033 = EDGE_LOOP('',(#2034));
#2034 = ORIENTED_EDGE('',*,*,#1431,.F.);
#2035 = ADVANCED_FACE('',(#2036),#764,.T.);
#2036 = FACE_BOUND('',#2037,.T.);
#2037 = EDGE_LOOP('',(#2038,#2039,#2040,#2041));
#2038 = ORIENTED_EDGE('',*,*,#1911,.F.);
#2039 = ORIENTED_EDGE('',*,*,#2008,.T.);
#2040 = ORIENTED_EDGE('',*,*,#746,.T.);
#2041 = ORIENTED_EDGE('',*,*,#882,.F.);
#2042 = ADVANCED_FACE('',(#2043),#44,.F.);
#2043 = FACE_BOUND('',#2044,.F.);
#2044 = EDGE_LOOP('',(#2045,#2046,#2047,#2048));
#2045 = ORIENTED_EDGE('',*,*,#142,.F.);
#2046 = ORIENTED_EDGE('',*,*,#21,.T.);
#2047 = ORIENTED_EDGE('',*,*,#721,.T.);
#2048 = ORIENTED_EDGE('',*,*,#622,.F.);
#2049 = ( GEOMETRIC_REPRESENTATION_CONTEXT(3) 
GLOBAL_UNCERTAINTY_ASSIGNED_CONTEXT((#2053)) 
GLOBAL_UNIT_ASSIGNED_CONTEXT((#2050,#2051,#2052)) REPRESENTATION_CONTEXT
('Context #1','3D Context with UNIT and UNCERTAINTY') );
#2050 = ( LENGTH_UNIT() NAMED_UNIT(*) SI_UNIT(.MILLI.,.METRE.) );
#2051 = ( NAMED_UNIT(*) PLANE_ANGLE_UNIT() SI_UNIT($,.RADIAN.) );
#2052 = ( NAMED_UNIT(*) SI_UNIT($,.STERADIAN.) SOLID_ANGLE_UNIT() );
#2053 = UNCERTAINTY_MEASURE_WITH_UNIT(LENGTH_MEASURE(1.E-07),#2050,
  'distance_accuracy_value','confusion accuracy');
#2054 = PRODUCT_RELATED_PRODUCT_CATEGORY('part',$,(#7));
ENDSEC;
END-ISO-10303-21;
